Uuid,Void/Retire,Same as mappings,Fully specified name:en,Short name:en,Description:en,Data class,Data type,Complex data handler,Answers,Members,Allow decimals,Units,Normal low,Normal high,Absolute low,Absolute high,_version:1,_order:1201
3bc4d255-616d-4707-8175-086850236fda,,,Bdsec Diagnosis,,,ConvSet,N/A,,,"0a5adb04-0818-4e95-b750-4a6a7606824d;
7e603c04-ec86-4ec8-ba0e-bbe4d6ceee25;
72a789a8-e434-47a6-91db-bdf48a7dd88d;
369f067f-c3f3-4d93-998e-5aefbd7fbc37;
af1feb7c-8712-4103-b94a-c6f82a8b0af5;
2b224721-308a-4d7d-b20a-d4e4447b4d98;
34a20e83-db9f-443f-b387-99d1317251ef;
17269191-855b-4624-99c7-bf9d587a6d19;
6599fa45-a384-4f47-afd2-57ac7bd7c7ae;
cad50863-1956-4f82-8cdb-cebfa896c437;
4f0310f3-80ef-4eed-814e-cd57387f9c00;
15d300be-3e68-4915-b9b4-438bd54fb940;
1155dab8-05bc-42f2-b129-f5181e062743;
f97dce8e-25d2-48e0-9485-a94e53ec06a7;
cf642e2c-8fcd-4663-ae0d-d5c08ff42019;
ede0b47b-4c10-4154-961c-ab63e91d4f60;
d1f89dd0-b6d3-4878-b0a8-e86fe27e5a38;
46aecc55-cecd-4849-a990-062f43818f17;
5fb7349a-0263-45db-ab01-00ac99cf77b3;
dcfb1bb0-e360-4634-9393-c3faf3489846;
dec2e014-b7d0-49a7-8fa4-8d08545c284a;
e7d78ac6-e478-45f1-8f76-cffe4ff4f588;
64f0ea77-db8f-4ce9-8b34-38c9324506cf;
a260b56c-c389-4822-9eb5-dc6bde4aca5e;
952859a0-0497-4f73-8497-9d9ff15b4548;
5b9e9c87-1fb6-470a-9bf7-8b5718801723;
a0459d78-498c-4971-8fe5-3ea1f49cdb4e;
1536b79e-f262-4be2-8cea-5708ab44d175;
5d2a785c-6a76-464b-8bfd-8f51c3266863;
569c9574-d8b3-4f36-aaa3-2257f163f222;
1d62b297-96de-4b28-a4c0-3459a71e2b50;
8608fdd3-5986-411b-a4b9-4cc8b44e82af;
d9b16ebf-42c3-4730-af7e-c2c5a9b4f712;
a14ae307-1d8f-473d-abe2-75f59553173b;
31ad1e7f-b9e5-47bc-bea9-dbe380daad88;
157bb184-e215-4c5b-bd72-4d70ae4b249f;
ffaaabbd-9ba4-42d0-bd59-8b8b59e53e72;
25d4d8a5-7978-402d-91a7-62b319deed0c;
d2ce55ea-e62b-4a1b-9b5e-927bab25c244;
16b579c9-4790-4362-ae55-7d48a5005cca;
718483ab-db25-4fc3-8122-0cbad4d83246;
9dd51099-26eb-471a-864c-206000b0b8c2;
e62e6a6e-a1a3-4380-9045-64bc2e1f4d0c;
2b66dc06-b241-404a-9aa2-6a7d975b2195;
27483f18-eddb-4e73-8ac5-be5271feed52;
06c6228f-cd3a-4396-a90a-077be6325acb;
31ba367e-a130-4aee-ab04-29b4e656ddd7;
1c793955-2657-4f90-8ae6-644b0efc88f4;
3d6a814b-16d5-4f49-b702-3be6aa986634;
8945a76b-ae80-4955-9338-c634a6f4dbd4;
e62df9b1-095d-4a3b-a0b5-77d2d2c9315b;
f80366b5-7103-4336-be43-d7c05a245e1c;
e515a5dd-9a36-4a1f-8536-8e22b137fd56;
92861ede-b3b9-46d4-89a4-323895a225ff;
616cf817-d2ca-442d-b367-c55ab239aeee;
fc1981a5-48bd-4dcc-9d3b-dfb8bffaf1e6;
e70f9424-b35f-4a4a-947e-fc71c5edf4d3;
1915b804-0d71-413c-9875-7bb2d0751660;
1bd3e1b0-0955-41fe-8356-fd9fad9c293d;
e40dc9a9-4b85-407e-875b-820ee1875122;
9dfa2a22-dd4b-4321-997f-f81f001591ce;
a824780e-4a7b-42dc-8e2e-974234976253;
25bf3766-6daf-45b0-8a99-7e36d16c2937;
99631244-347f-4283-a108-208b9c5856bf;
bf0f660e-9b40-4909-bccf-92aabf431fda;
57cc07df-2374-454d-bfc4-ca574a0d9cf9;
a056fbd6-21fe-4d24-930f-c3cd1b5a81d6;
f49dde90-75be-407e-893d-b8002c78edc1;
409c278c-98a8-496f-ba9f-215ddec3f364;
b58c381e-9ce5-4059-a474-3d88b821157a;
263b0d96-8f1e-4ca2-a1cf-8ae3003f5c13;
322735ef-0735-440b-a4bb-e7d0e537ce31;
30cdbef1-7600-4aef-adab-dc6d7f257a50;
b7a2ad00-c5d5-4b06-9608-ed46b8f5da4a;
dcc3e599-52fd-4ce5-8400-c6df9a3b6d62;
abed3fef-6c8c-4d47-b096-4d7c1d42a17e;
83e264fc-3215-49fd-880c-d071421acada;
828b3968-1f5b-462f-87b9-dd6a3397361d;
298b8d9c-476c-4dfa-849b-e7aab6a6c7a7;
473b44a2-4fd4-4ae5-a9fd-1b0acc6ed0dc;
6616800a-7df0-4e87-8ebd-0cb06ebee9a2;
dfedd897-e98c-4c18-bada-a642f424abdb;
569b19fa-7266-4cf9-b849-40ffdd31cf42;
204b24a7-d795-4e79-a747-c4bcb98d48ed;
9f04272a-8aba-4c5f-b0ad-7e5e0248762c;
b3987c5a-11e0-4889-a4be-c8fa66abd486;
e03b5e48-fae1-40d1-96be-33168b853022;
ef57b008-6632-4961-9b46-6faa5d975db5;
c32639ed-2814-4f25-8d83-b1d5f846b069;
1de2df3c-f73a-45e8-b9f7-43d3109216e5;
f8a74955-1f85-48e5-b517-9eef111976fc;
b6781771-5f36-401a-8695-e9e9ce38ca7e;
b97631ab-9f9a-4e23-b784-697529f46301;
827378d2-b9bc-4989-b959-403892a9b752;
a5410d31-49fc-40f4-8522-641943ebfc02;
b7da3d4c-41f0-403d-96e4-aac601645f14;
38304b22-aa98-441f-8295-bb330cf483ec;
03aee20d-f184-4b58-84a8-7134c86b7790;
864b611a-64d8-499a-bc59-2908f5da4214;
e861b580-0aee-424d-8391-5e83d3059fd8;
2c7c6587-8af4-43db-b6cc-71d58d8574e5;
e285112a-fa28-481d-8ea7-5b65cc80a64b;
bf1d6cb3-9e40-492d-8648-49a765f2effc;
bbcd75d8-9dd7-45c3-95e2-9fb8f394ac61;
551360f8-a1ee-4249-a8b8-43b4e17681fd;
d1e962ef-6ef4-43cc-8d47-39539dacad3b;
beecd073-6ec3-43f0-9ccb-651a7e0bff9c;
3e019a51-76c3-4585-8eca-7e20b1fd99a3;
15162c01-89ca-4546-9338-79a5c57d84d8;
d089dbdb-22a8-4eea-a50e-3a855be55cec;
65d82696-0fbd-467f-9dd3-e7852b849bd2;
899c7f4b-c255-468c-886b-48d3de76fd36;
b2f0a1a7-6aba-42ed-81b2-4025448e99d8;
b84cb1db-7a03-4a9c-8b9e-0bed4ed0186a;
e1d51f02-dc94-49c8-afd8-ae50b7c090f8;
4804c6e6-9845-49d4-bede-e7f0d21dbeb2;
81ff7b21-dbea-4e83-a8bd-af502cea4b63;
cd123411-7a29-4240-acc1-7521ad2a6d95;
429728d4-29b4-44fe-952a-9416c2f98b3d;
85812d5d-91f0-4698-b5aa-fee88547bc48;
9c1929b5-a130-4053-9932-8808c6222042;
2bd83f63-399c-4ea4-95ae-d01ded70c858;
2c612d42-5312-4c9b-83c8-7670abc3c6b5;
86185972-17ca-4280-9867-2d1ef4e2d0b5;
469298a3-689a-4ce6-bad1-6e54aa583b30;
662bfb49-8137-4be6-a713-991d61211199;
72c87748-8fa0-4c32-abee-47aadf518194;
ff25cd9f-c8c2-45f7-92e8-5451e5f9f72b;
fd012a6e-fa0c-422b-bbbe-a73e6c29f9ce;
0eb31984-84d6-45ae-881b-aa40083d04e7;
baf9bea0-8416-4618-b422-f936a7b0f2d7;
9ba87f03-c63d-44ac-9fea-c840c1b29026;
b432d583-bba4-4236-9f4a-2c150653e4a5;
7913b541-69e7-4d4a-9753-968f39ecf05b;
25b651d5-a83a-407b-a6c3-4fccf53954b2;
c26f6a73-afb3-4dcf-a00b-d49eb8928979;
267132a9-f6c5-4c67-a57c-84d7c352606b;
8018962d-f2d3-431a-823f-24befaf450e7;
94669f30-4be9-48d4-a3da-cdebb292cc76;
107fff9d-1864-4a0c-a9a7-1cdac3da1cd6;
6ef5a0d1-515a-424f-8fc1-23abc531ef22;
69576081-01b4-44f7-a40a-8a2eb0edba1e;
8c2d2c63-b803-43aa-a23c-d459e7221297;
b4d1469c-6ce1-42f3-84c9-1af32833cfa9;
4c1958d1-ccc3-4f38-8638-06460dd86f34;
601532c2-a221-4064-9c58-6dbafd95c3df;
dffedd70-aa0a-4ceb-ac77-13cde07c5113;
d3064435-6a62-4c1d-9260-c1ce81f2ca44;
9db06e75-92e9-4872-ae98-dd26c8a21342;
67cc6920-2168-4d03-94c2-331d4b646a25;
4a95a270-8d5e-4a17-bcfd-9dee4670c86a;
c0aaae2e-024d-46db-b686-2fa91429877a;
e079a446-5e6d-40b5-b647-490ec75c16b6;
3a5719c1-e4c1-47ab-88b6-5763b3069fb5;
9598b0f7-86b3-425f-b9fb-91948ffa199f;
b516ec7f-2a14-40df-b9e7-ea973fd798af;
2b5f67cd-a1bd-47f8-beb0-1d0ee5f9311f;
27737a6d-88c3-4089-b457-7ac61b1910f5;
f8be9e3e-1005-4eae-ad5d-bfc3f475d104;
1b84be4b-74b9-40a5-bd4d-a6692c9f8433;
e7f61b3a-7968-4c3a-91ae-6b6d4890cc1d;
7484f4de-f14e-4234-b128-33a69be7f776;
046905e6-8545-4f17-abef-be7067d5f535;
6bf99091-85dd-41eb-b2f8-436f21f170a0;
0cf0e943-db9d-4785-8ae2-9f62a9ca5e58;
7456029a-9885-4f03-a5a8-d66e1a5a1341;
c0bc88d1-4a4d-4d0f-a720-870718858e81;
5c0dd8e2-13a5-4861-9c6e-e20b70873a0f;
c17aa9eb-6fb2-4c47-971f-767f65309034;
8a013fde-98fb-4395-b7dd-aa8b881fb701;
df8340c2-7b27-45f0-b0e6-d21b070098ee;
531e89bc-3277-4d7e-9bd0-ebe55aa15eb3;
850a0f4e-9af2-4e20-b5f5-af673f288ccc;
8f954063-34a1-4b6d-8e64-6b938a44ce59;
38e2659e-4c52-41f1-90be-fb376eeb5776;
5aa41454-eddf-4df5-958d-c4892a83b269;
6e6bfa79-7953-4c6d-8e47-5b327415badc;
a9e0be7d-0619-4c26-b1a3-9271a3a57c52;
fc6f05f3-a72a-40ce-82ea-a0ba45dbe252;
9a40bda5-0c04-4f2a-a3ab-10e032abdcf7;
f67b8c94-ffc1-409e-baf7-614ba5e889a9;
d5c0fef6-0951-4c21-87a3-544e806bfe7f;
84e9623e-924d-4dcf-b1d7-bd4bbd868591;
44bc4c99-3577-41b3-8140-94b130fe6829;
89c396f0-3479-477d-a232-ed3907edf2a1;
bbcfcd8f-6451-4514-8ef2-2927b0920543;
e820a636-59f3-42ca-8c20-9a5ca1f11081;
2cbc98a8-9bbb-405f-8bce-2a1df80ea013;
71b3887b-f78f-4fe6-8c08-a4fd1eec381b;
9b3a43f1-4a4d-4174-8cea-6023a8a17b88;
3e348939-7b9b-4213-a7fb-2ec0e9f26abf;
637b9067-b2a8-4632-8539-6ce47c65efac;
684b637d-bbea-400e-9ccb-26b6e2dfe304;
a55938d8-1983-4f1a-9c15-37ca22f5b98e;
87454cd3-2341-44b2-8e7a-1ed47bd5be14;
b7a12887-08d6-458f-b970-ec2235f93ec3;
51117754-f5b4-4eef-87f4-b31ed58ebef1;
eac95100-a451-41db-b335-6f946f32fb9b;
0c909e08-49dc-472c-8cbd-987ac0acc9ea;
bea1e9ee-448f-4bdf-a6c5-d3654e55bbce;
d8a0b37c-1bd1-4675-bde5-f3a123ce527e;
b6d90510-5b0d-4d52-aef9-b76941de3365;
8f6ccffa-c75d-43ba-90bb-8e2713a8aa34;
5e1f7cee-6c3d-47a3-adbc-391c3654a831;
b813e7c6-77c3-4c8e-a313-010cc47f833b;
e08d7e33-4cc9-457d-9d9c-c20aa70cb1ff;
d73e0b1f-939b-43a5-8100-6b34d85c4bbd;
1b64ac1a-2e8e-42dc-beba-066000632b70;
333220e4-c996-4edd-9877-ea3576126c22;
779c6327-38ac-430e-8de4-858677db5bbf;
eaa9f264-ade3-4abb-8f8f-4850b202ad96;
b84f4e06-6ddb-4bc9-a395-732107e6419c;
2a85aa9e-3112-48b4-8ac2-a7b150eb5297;
7162b279-7148-4433-aef6-515e5b4fd0a1;
5d349c17-edb2-4c74-8d70-59bdf151c3ca;
41487c77-b81c-4fa4-a580-8a5d452302e8;
cc50739d-1595-4d11-b77e-1625093af4cf;
f2cb2766-759b-42f7-bcbe-a5fe0a46503f;
80746b00-ec4f-4176-8a09-fcd21f086c13;
afaeee6f-a0d5-4494-8840-21bbd7e59728;
b3cd0341-7650-4c00-8523-77b9aeaac64a;
95f81517-8a41-4ce6-9a6c-d6e48f96f610;
809b1c70-ceb7-4466-b651-2dee1820ec29;
e0ea029a-3f67-44bc-8b5e-09f4431e58f2;
490ea156-9c0a-46cb-a647-c7d1d72bbb17;
29d5ca2d-7712-44d7-b3aa-c7968c470329;
b70a2b21-0afa-427e-8b8c-e6e3ec165f3c;
f6846a29-44d6-4273-9cc4-80d94c32f18a;
71679b28-9c5f-4f43-a1ba-baf90811fe7d;
d59c7594-11ab-4783-95e8-f5c2fc406a01;
f2d4f72b-327e-4322-899e-cbec1cd677f2;
c69d1639-81d4-416b-b4ce-29956e01701f;
886e4e8d-04f6-49bb-9523-82a429a16e1e;
64019e29-1bc2-4f62-ae8c-2f5617e9a162;
7853025f-9534-4052-b8c9-5b93245ca10a;
d97726e2-bc34-450d-8034-01f2997b3662;
32a2e711-f3e1-4d72-bd6b-8573ed24647e;
96e2946a-b05f-401c-a204-1adcf8503494;
a4384e66-99e4-4002-bfa9-e257e5c59a29;
759691d7-83e1-4d16-baf6-dfd09d3a668b;
40c8b74e-5e7c-4431-9dc4-b2e0871b3c8b;
c8a03863-7399-404b-8b36-ff2d77843798;
48f6d9ea-dc41-44d0-ae60-379cd7cf74f1;
7064d264-d49b-4ddb-b798-3eb3ac1e638b;
e5007235-5892-40c6-9d12-dc5772c1c2a1;
7d86b17f-844a-4e54-95fb-c885b0e9962b;
c7b9a151-82e5-4e02-a9a5-d43ca353f7f2;
26aead49-f6c8-462e-a484-482099e3d41e;
ce177d36-39be-46a2-8b52-0019757667d5;
33b0838d-5435-4dca-914f-a9bde3f48486;
256192ca-8a4c-4a11-b4cf-e10ed3e84049;
84080d36-03f8-48ca-bf9e-0a8e4657b742;
043d183b-458f-4b40-80bc-bb8ee3b763a7;
22dec6f9-d786-40b6-9ae5-43a010045c9a;
fe5810c5-ea0e-4bd4-9ff6-6edcc7d0a38d;
6d071315-adf5-4084-9146-4890315b4974;
03bc35b5-b9ce-4f01-b540-3b702fd1b416;
696258ea-e7d3-4b38-a0db-9092bef1aa0f;
b5834633-bb38-42d2-8a2b-f14180f274af;
d04f35e5-8adb-4eb9-934d-e0c8eb6c5306;
d3f808dc-cc41-48d3-8eea-9454b893af9b;
f40278c3-c0dd-4e8e-b3c8-7fde8a41cd5a;
34af81f6-c802-4539-8438-fdb7ffd60658;
d7acba94-f05c-415f-8812-e40844b9ed36;
d5533aad-71dd-4db4-83e9-3941a6411d47;
cbfd6873-1196-46ea-9430-8864ad3809eb;
381c9e3c-77da-4b80-b123-b6976d1009b5;
d9738f84-2e32-44bd-a6e4-94ff6a5984ad;
29694547-e223-4b90-ae72-a339006bbe3a;
0af218ce-8419-47b6-8084-59357def6400;
d1f4049e-5fe1-4401-b927-5a161ba5eb96;
912a941f-b3ef-4e2d-916f-1b5d7a5d69b8;
c0b7173e-ebb4-40d0-b760-865a422d4cf2;
22a978d4-39b4-413d-b79b-ec9f2871b37d;
5a61a2d8-8e15-42f0-82c0-219403891133;
1440763f-1e95-4b67-b2a3-9d36cef926b0;
7da742ac-823b-429e-a7f6-52b6597af7e1;
15319029-8bcc-4dab-80ef-5aa92b1f1967;
b650159c-2a88-4050-9199-9a163dfc9743;
1d62ce68-18c1-4897-b4e2-db3672e47d64;
81b1c2b2-ecfb-4680-91f2-eaedf9489af9;
6f649040-f5f2-48ff-a191-446abbd15f9e;
a147c126-2cde-48f2-bd75-e3fe481f2f35;
31c78ac1-7358-45f1-b1e4-976b9ad65c08;
38b88ec1-141a-46bd-8067-0b78c2e38d18;
ee375b5b-e290-47d3-a132-d1138f805989;
00a6cc67-1af0-4bc9-9859-8e544f3268d6;
144b8cf1-f016-4862-ab6c-6c230bac671c;
78bfc577-6e49-4c08-b672-d06149c67df2;
9db8b5e9-8c7b-422a-9072-b8e3e8dc93e6;
42903947-1672-4f84-9272-508794c8e00a;
16d928fd-b326-43cd-96a0-09077842ca01;
db1badef-a80a-453f-afcc-f79494bcf70f;
5228dbce-846c-483c-80ea-0712a51ed0bd;
2ca351cf-596a-415f-b1a5-90099e7b8993;
ea95f486-d13a-4aba-b314-9c4a8eb983c6;
c20d99ce-7c02-49e1-bc62-36d0b805cb3f;
a45002ae-962c-44fa-9d0e-5cc521418ada;
6d098302-4807-476a-9539-67402ad80953;
5b3a1254-82b5-4b2f-bf9f-380071f417ad;
d1caef8e-83fd-4282-818d-357fff132cc3;
439a41bd-8b80-445d-bbac-04c181efc6b9;
60247f06-48fe-4410-a3af-baee106c4274;
7db5696a-7a0a-410d-aeb3-2a233040d46a;
28a04707-11d3-40a5-b773-8d81dc56db9c;
133530f4-7013-4f4f-b396-3cbecefb5996;
69535998-cf22-4231-af65-6df7a52733a0;
5f181e92-e70d-4838-8d24-5c8674cb87d4;
2214ed06-54ba-4b2a-861d-b1d5a5174a6d;
6e486b97-ef02-4ba6-b246-9db0803a9423;
753a8709-b125-4a65-8690-dbe891284bc2;
2f1e64d7-1e1d-47bc-99cc-b8e784ad9aef;
81f0789f-b58b-4259-aa5a-68c803aa923e;
d8795ea5-9abc-406a-9774-a853385241e2;
061c7510-bf9b-4fcb-b34d-e04c07403b6d;
345fc21a-2cc0-4055-9b0d-ae05d22bdd47;
5ed4a173-f712-43cd-96e7-ac3559adf7ff;
0e24c060-56ca-4e3a-8162-e2110cd22b12;
8062d8ae-363d-4559-9079-68e7b5eaafa4;
9ff332f3-2043-4162-b5de-5c88449f2a6a;
3877fad5-4e3d-473d-812f-6e26e2af6a8d;
1a17c271-89d0-4071-aed6-5adee8bf3d4f;
a56b710f-b055-4ddb-92be-ffd0898d8636;
507bdff0-a6c0-49f6-93e6-db179cc700b0;
a53dfebb-1234-449e-ab25-86dc1405289d;
5cc8b518-f322-4da3-bfee-1984cc3dea8d;
14f77507-b62d-467d-97f1-f14b968be935;
8e84ef98-5bf7-43cf-b2df-58c18c96c0c4;
8f22a00f-d9cf-4a31-b85a-e6280ee43ba0;
67ff26ca-c306-4aaf-a287-85c55a384553;
f1528724-7eb2-4f58-945e-9d4a48f5f06a;
66db62f8-d5b6-400c-b0ae-807873cfa41c;
b862d659-6c95-4761-a01f-4cfbd37119fa;
b85cd87d-2ebd-406a-ab15-16ba23d16a49;
96f06e5a-4da2-487f-8b60-23090e93bf55;
e79df485-e688-4b96-a927-b3820c06e140;
79cc8988-18e0-456d-9a85-57b9c0f71f8e;
c155e4e3-5dd5-471c-8aea-e7c050d92e14;
1798a21a-d9b8-4025-84bc-c058237df5be;
7ddb696c-796b-4cfb-b0b2-97a9408c2fb5;
ea0e0a65-31f5-4ffd-bf16-9b7669b8e249;
ae75c535-4fab-4762-8af5-c4de2603c0b8;
a618df49-91b8-4b8d-92b7-bb72f3a46599;
c3a9624d-c6b3-4c91-9697-1ae02ff608d2;
b3125468-5a27-4542-8b48-4269d9cc242a;
82c6c37e-9658-47f1-81f9-21392975c63e;
c24d6606-e8ff-470b-93c5-008179ec7c75;
58079197-d8db-4f22-aba0-839007759b84;
91b73199-2cad-4634-915a-2c729182c932;
1fcf318a-422c-40c3-ac0f-dc6e65f912cc;
bcc27412-24ba-4fa4-bb21-09c45a64ebed;
c5eb1965-91d4-4517-bf8d-ee24467fd1a4;
5755ca07-8ffb-436c-9be0-221bf65c9fbb;
02b8eed0-7cf4-49a7-afc4-7e07d7a17700;
670c68b0-de41-4250-aad6-09cf5f2fedbc;
c69709a2-ecf0-4190-8ea0-99c9c5aa2875;
996fc34b-87f3-405d-9259-6a91fb3ee449;
1cc97634-16a6-48fe-890a-d8c00f0588c7;
1c5eaa59-3c9e-4357-ab4a-83ea82de4cfb;
dfca28fa-4494-4df6-a547-75e15f8e1d7b;
5b43093f-5624-4e4b-aee3-02cb43e6b42f;
d24d6b17-a3d7-4181-9927-74e237508727;
2d1ff88b-f1fb-4482-8950-4c26cace488e;
9fe2eee0-4f0c-4ff9-aa73-14220b46ee50;
22630b60-e9f1-49a8-99be-a64eedc33d4f;
e49d3973-a8eb-4465-b1a2-eaa26ee64388;
a6c4e560-442b-4bf6-8d21-4743e0bf05bd;
7c8b5464-9c5c-44b3-9ec7-6d68b8b3e910;
484b7230-800c-4e51-9fa8-d359da98f56c;
ffaac40d-2664-45bc-9c7a-ae5c6c6ab8c6;
fe2fcaf5-0a84-4804-90e0-626e4622951b;
874ee050-8594-4b82-be3e-b4b9f64a438e;
afe57e3b-fe64-49bc-ada1-26ce4620f499;
8dcce16f-bd22-4f39-a9b5-99c1d62ace17;
84cf870c-8ce2-464b-83e0-9433c51e9b23;
904387ac-9fcc-4a3b-8e0f-77f777e612f3;
f6da65f0-d474-4ba8-8f19-a5502d1c8aa5;
82f352dd-f5e4-4131-b68d-de9c040e13e3;
64321ecf-8008-4dfd-a840-8966053abea5;
1e847452-42d3-4299-a414-d74fb6ac700f;
6cd772b6-bafa-4dcb-82c0-a783f040a96f;
ea3e80b5-edff-4847-810f-483a44800e6a;
cdf2ff96-9364-41d7-afbf-e57a2e70e60f;
bde498db-a319-43a7-945e-818176d507f5;
fe360e0f-e8d8-4d5d-82b3-9d670b851199;
625a83f8-16bb-49bb-87c1-12eb76e3cf1c;
ac53d5be-a9c6-44b5-a454-e4be4b2c119c;
4e7cb59c-5146-4a8a-bb84-dcd1b2aeaa76;
ec4edf46-5538-4908-930b-b9bad4e4d79b;
84140331-2a02-43d2-81fe-c917b39aeb26;
2f62ccb5-5d55-4f07-b16a-57e08016095d;
6570c141-6f85-4897-b101-9597127c9a12;
83aa298e-4eae-42e0-919d-ba0dde552b63;
627feeab-d6c3-4d79-bea5-9e7ae2f6baff;
010c85ec-0fa7-4fc6-912a-47d2f607af97;
a5e802da-01da-4d29-9cc7-f3d7a6fc9f03;
3627a9cc-9b44-42bf-8924-39fd4496bb42;
bf134781-8093-4e70-a5b5-8fcc5faafcf4;
3229c347-e79f-4830-ac37-c8e91f47ab50;
793f023f-68da-4350-adad-cabd75efd04c;
e4b22ebf-7554-4c62-afdc-fa6e0935640d;
d1cabdcd-a4fd-4552-9d28-a8b96fb7a7a8;
044c66ec-2044-43db-99de-183c17243257;
1b7c3fe3-3398-4e7d-b57a-86ec836171e8;
b69dac46-fa7b-4cc1-a5ba-5089219e55b7;
765da138-196e-462a-b11e-399a6c01fe38;
6081da89-1b6c-4697-8ec9-d68ab89bfbf4;
a94da107-b5b6-4465-a645-3ad39d601afa;
216d62b4-4852-4055-9eee-4091e94bfb8c;
a531961a-e6e7-45ff-b9f2-352ef7f139b1;
de8df727-10dc-487f-a0b2-96a39f68acb0;
dff9bd96-4580-4a42-9776-2f674376dddc;
fc336e87-df52-4d83-8d0e-62e5ce051f42;
1b61bfdb-de39-457d-9fce-261dff8e339d;
14f758ff-f913-4015-8ea9-051c20102a34;
94520813-774f-4fdc-b20b-fd8b3738fb6b;
34dba12e-4cc2-4ead-ae81-8dea85a60a9a;
f51f8690-9d92-42a0-b5a2-74ccb5fbe985;
ec7c0c97-5050-4aea-a88a-fade62fe58a5;
733310e1-4461-45b9-894f-079f218187d5;
74d2dd09-2455-4430-b640-62d7b0eb9870;
c277d390-4744-44eb-8eb4-c27ec1dd6b8a;
6d23f238-db56-4123-bd96-92f91fd77eb1;
c0a8884b-3167-4f3d-8e18-0fd4f413c509;
41550fe3-8674-43a0-81a0-755e7404126f;
3b8a0e22-d567-40c7-af93-13f908a8488b;
11689be9-c3fd-40ea-9648-45fbc857bec9;
af8736cb-0020-4d04-8aac-594caa476b48;
4dd29420-01e4-4683-afc2-a8dbcec7d1b7;
c4a0e12d-2500-47b2-8aea-589cd63e511e;
6f13cc8c-b162-4e5a-87aa-9a425b173b1b;
07144236-b748-4897-921f-7d4a0f32b40a;
c60ea93f-c1e6-41b7-aaac-2f2d2430d7ca;
968c0278-41ea-48cf-9fac-bed0a90e7ec3;
3a415de5-2894-410e-8ee0-14b8e8653bb8;
6e0908dd-37a3-4c2a-b323-be100cbfb5cf;
e78382c3-b4dc-46bc-acc5-79f57a63ecf5;
97e15ce1-baf4-4aeb-a7f7-da63292e1038;
c40cc1af-192c-4f6f-9231-05276c7e8c79;
cb506b6a-19c1-44c6-bbf0-0ad66ce13256;
cf4b5576-2c44-4717-a560-17dc5af63283;
42588b97-d644-4a9a-af61-c493b9463734;
f0d6db44-4367-4094-b5c0-ed280dd34d4c;
1589f130-b3ec-4028-8e83-b6ece79f32d1;
a9b28f69-9d8d-4279-97ef-390fb5e645d9;
6e927c25-6c0b-4b29-b25f-846f19fdf338;
c1991b7d-b4e6-4085-8a96-935215246c39;
8fab38d9-a435-478f-98c1-225f2ac9bbba;
27c39192-41c6-4536-a604-3bd17cad6b98;
227b08e2-4803-4586-9e5f-af77280ebc17;
4f26810f-05dc-4cc1-9924-33af5500dc7c;
df2a674d-014b-438e-bcea-cab7fc62c179;
5060f4db-7e04-49bd-9ceb-14e868a9cc03;
7aa5740c-6b1c-40a9-ab37-b8978add758d;
f265d65e-20e2-4527-9c2f-7e3bf146212d;
59c39191-8e2e-4c6c-b61b-887092a3a82d;
295cd1ec-531d-4e31-bed4-7ef593c75217;
c9fbf399-61a6-44bc-8996-8036a4d9012e;
a9cf9d14-61f9-4646-9fa6-fb527d776308;
d908f355-4810-48d5-9709-084950e55e3f;
934849eb-bd9d-4cd4-9be2-bcdd679aa226;
0593c5f3-7c2a-43e1-920a-8ad7ae2ae904;
fbcad80f-84e8-4178-a489-e1ce84c38a7d;
3b1f27c8-943f-4f1b-a981-c9e69d6ec0af;
92c3257e-d157-450e-b749-0a5c0df2255a;
bc025fdd-070b-4895-9d48-d64ed02660c7;
9ce3abc6-0290-4606-81fe-c21d9ae094a4;
b0c5bf46-34a5-4bc0-ac77-ffda0a708a2f;
734b5821-0dcb-4f68-aca7-11088aeebc1e;
428b33ad-fe45-484f-9e97-3dc4c3e77a87;
d4c92aab-d003-4e61-af51-27ec4e9b0894;
4003d2ed-49d6-45e4-a850-90496c30c7a9;
0d2f4298-5c19-4f2d-91aa-aafe123d1676;
1cdd5d3f-6187-4eb1-a856-09257cc8ef00;
79292086-03ed-4423-8a68-dc9b2965434c;
152ae8b2-3c92-4d87-8400-4a614d7d9303;
3426f351-92d1-4627-a55d-9dd94cfe0d4d;
c89c111f-cbb6-4063-a4de-fac291322095;
784940d7-cd98-45c3-98c9-e231c5a1bf23;
c6749e25-350e-4c73-83d1-4acbb54a56ec;
8665cc71-6257-4a25-aee2-8b24ae1409ca;
157d893e-c12d-4f38-9067-38fb0b04de6d;
40c72b51-3247-4a8c-a7ea-b297d68b7b50;
2cb2947c-fb76-4537-87ed-6e8bfd8b43c8;
7738b727-240d-4875-99f8-b2903d5e1753;
6f676eef-3928-4eee-9e6c-159c2c1f7ccc;
1775504a-e105-4a7e-8025-b993c21d169f;
ae4eb621-f8bc-4f61-ac06-819e34f0b819;
a899d968-7503-45a8-931e-d5203a459069;
5b6e5cd1-0ee4-402c-a0c7-c006bffaed2b;
a81be3a5-ce0e-40a4-a077-3620c2d1b7d3;
6e84b7e3-2982-4b6d-bd35-c08daa085858;
8fbaace3-2266-4094-843e-956f4a334330;
c9130420-47cb-4a88-a078-a00141210329;
88bdd432-e5a5-4914-af8b-0a02d6196af8;
00853cc4-00a1-4106-8b22-e38952e6742d;
7a60e0c4-f949-499e-9b24-715125e4aa5b;
f0d184a4-7ed4-4ff9-8717-3eb685c77eff;
c62110c4-41aa-4e7a-afa5-ac19841574d8;
931f12a9-8aa7-47c3-aa2d-1907846f96e7;
ee87dff9-069a-482e-8d00-f63b3f12669b;
16820eb0-ceba-44ae-9837-a8863517b8bf;
1a82fe1b-3397-4db4-9ec6-8369827f2a5f;
def4c59b-9d78-4ca7-969d-325d0973c710;
5a41fa9b-2122-463f-a704-739a913f9e06;
8c10af39-a14e-4605-bab6-7ab5cb0ce12e;
050a1ee8-0f4e-4946-9dac-0e8f65d9b9f5;
0c557577-945e-42ea-8523-ee7e9d02e4ba;
3f249ea5-4c37-4ce0-95d4-2e0efd21674e;
62d108da-16d1-4465-b8f6-4df30db97e54;
e452a62f-f4fd-4c79-960a-d80746836399;
e9147626-87f8-4e16-97c8-a3542a55f166;
dcfae583-2486-4605-b80d-a5d49b3f7e63;
2bd2bca8-3639-44f8-a993-cef960d31f20;
0b947376-9c47-4da8-88df-e100a57366a3;
8f236448-afbe-4eb6-848e-ac9a695f33e1;
ebe322ab-8cc4-45cc-b8ac-60440aacf102;
2ee7c28d-2c3d-4b6a-8fb6-9be3c31cdc97;
753ddabb-79a1-4c4a-a6e5-d47f96edfd32;
d52c2778-3bca-41ef-808a-a69beb4df52a;
ccd92d58-995f-41b2-b026-b61769588723;
5c93f8d7-f4e7-4f8f-9df7-9467390957f0;
7dbe3185-c760-4617-b2fd-bc2cc210dfe9;
74dfa57c-b5b6-42e5-8d73-8d89a118494a;
dc70264e-f1ed-4941-ae7e-a1599c0e34eb;
64a09b8c-8c14-4abb-8e64-35d1244a572c;
ad5d6321-30ab-484d-a036-27c38b5d8421;
5d486622-a34e-4d39-9428-14282c35a0b8;
9ce1930d-81f0-44db-b79f-e87ddc127296;
0239d535-a7da-453a-8c16-4be10032601d;
8b9358cc-853f-4912-9454-992f57604715;
8bca1801-784e-4e79-a9a0-318870c90f33;
a5b60c70-f28b-497d-8b3e-91fcf7d01fd6;
a10579a2-e3a5-4cb9-8a0a-66cd466ccbe7;
e0a15d89-2588-4759-9cb1-c10ae60f0ab5;
4ed08cc2-001b-4670-9ae4-eb12dfdda4e7;
78f2c9ae-4176-4313-a7ad-9c3cff5f8e26;
955d15ad-9ba3-4a27-b78e-6f83a422ac12;
6db0813a-3fc0-4041-baf8-084076719e52;
07b9d52c-2739-4704-8da4-907a5326854e;
54f673c6-3113-4de5-969b-8ed128702073;
f339f0ec-4c65-4144-92b3-0f99bdfce5fb;
45e6b741-5108-4214-8586-c3bb8d1ab2f3;
ae8d642f-cbef-406b-9364-9012c9f009d5;
86d9eaf3-2fd2-492e-90b1-dfaaf5bee086;
7cd7cff9-f03b-4528-9864-5ddd8b9a79cf;
0d051284-2116-4ec7-ac39-d62511dada95;
c2922756-3a1f-4655-9799-45fb41606c77;
3f52a213-e532-4868-8fc5-444a1ced2469;
8c71d463-eeb4-455a-a943-2c732fbd1ad0;
10355034-5768-4f99-82ba-f61433e98495;
9a2d3b5d-47b8-417b-a65d-ebce3aba475a;
f75f9c51-3ae9-45ca-b0e6-4402ac6c8285;
7fc3d62e-a1c9-4cd1-a518-e394d3bb62aa;
75b1ee9a-3f0f-435e-87a1-1d7efbf50763;
e09545bf-ef5f-4025-a988-ee82a4163953;
3059329a-5e98-4502-947e-62f4987e49b4;
9fdd5521-75fc-420e-bd62-b3b37cbb0db8;
b0d5ab82-d999-48a3-b6f7-3cf2bc88ef91;
e63c27fc-801a-40d2-871a-8d7b3a813ce6;
89f801d9-1eb0-4bb7-b127-9af617443f1c;
2cfa48e6-3cc2-4af3-a268-d6b18a4f038d;
a7960906-4d06-43a1-b1e8-ea164ba774eb;
1113b5e3-b563-4c29-96e8-d4b63543ea55;
f607679c-3c2b-4db1-b1fc-563e642ff600;
9c9146a8-83ec-4dcb-809c-09d01fc6975a;
cc788267-cb7d-4c19-83b9-4d28c42e033f;
7e172569-c9bf-4a7a-a467-859ddda8117a;
50b25dca-3970-49bb-b38a-7792b6ab8f07;
fca31784-3448-4494-9278-945d9ac6c5e0;
d7d325e6-904f-409a-9bfa-27dbcfc1ec8e;
169f3c16-43c5-407e-8238-29f306378e28;
71914695-8404-46bf-a9af-ebb40bf1ef95;
50c90282-c75c-4166-b516-08dbc69746cc;
cbcdf483-b2d0-40eb-a42e-e291138e79b4;
66c409fa-815d-4847-a245-bfa92e08b51e;
c94397f0-6ed3-4a0c-936a-dbcb62844e00;
a48472bb-cde0-4e6b-a88c-1ab832a39823;
a0ec028f-49cc-495b-94f6-747efe8eeeaf;
5395d1a8-3b6e-4577-9f06-0bbfc893fd6d;
8a753418-d53f-4b42-83f6-a92c5cc1948f;
6f7bb5ea-c427-4ac8-b2db-a00cbb82eaff;
c6e5276a-d2f3-4004-950c-a7eca0bd64ae;
73a78b66-9e66-4e10-a6db-e8a13cc69a01;
97ebad5d-536e-49d2-8fe2-f717a5372d11;
eecccf21-e484-4692-9fde-bd86ae5a429e;
7a82beab-ea9b-4f75-a46c-4bb0d8f78633;
9d20814d-42f7-463a-95b0-cb2de77dc366;
f0794420-9208-450c-8b67-be4cd2da2943;
9ccb3a61-fdd3-4e95-b524-8356b4de4cf7;
503796cb-4e82-4e06-b5aa-6ba593e03db7;
2dfce63b-1d17-4a61-97a4-10d3c6c1a3cd;
646e6f33-6ee8-4c58-9c0b-a8d64dbb1483;
bcc329ec-2173-4e2f-b66d-9c8a8c649aae;
2f843fb4-dd15-4b4c-a5cc-525a8e33027f;
7df5ccff-bec7-4a83-a194-8e259a4b9784;
1de42d0b-9625-4b3d-88a4-aa70010ad88b;
0153f597-ec2a-479d-bdaf-2189c3bfa0b5;
dd9d3d3b-b9af-4a34-a0d8-b69e50f2a8e5;
32018488-ad7c-4786-85e9-67a4bb1b74b9;
06022af0-a978-467d-bcc3-8f9621bca2c8;
4cadcc09-8119-4f09-8095-33eb068805ea;
a1ed9988-45e0-4fdf-a46d-dca4ad1b602f;
00121eb8-89ea-4fc7-880b-427ed05ba848;
8c384e47-e1d9-42e7-98a4-6877a9c4bf7c;
4c531d01-96a2-4026-982a-d69cded88d90;
1219a18e-bf15-4971-b47d-a3bad2823ec8;
c5cf6e59-2992-48d8-905a-34c38437c3e1;
6f90efcc-a5a5-4394-a3ac-d3c642562e87;
ab63c04d-8b7e-4cf4-a66e-a853f4186405;
698c0fd2-4511-483c-a4b6-cbb923b209fe;
38275b5a-16ba-462e-9516-354b1c33aef8;
0acb8fb8-67f3-499e-878f-0337e70415b0;
d9f200f5-dfb9-43bf-a504-648a6a3f9603;
5c47af59-d2ad-48a2-bfde-fc2fb080a6cd;
99a1abe0-9dbb-425e-8610-1e4f111df78d;
da2b58f7-77b5-4ca3-8130-8c21c3315547;
84b2b9e8-3fb3-4fcd-8031-07e5819a789f;
4d3947fc-1ada-4f7f-8ec9-578b956f0d5b;
b7a9256f-f84f-4789-8f20-0e201394043a;
269ae481-c943-415c-9fd8-1a7b33f5f883;
c2fbbd7d-f2a8-4cd5-8dc7-2686e973c779;
bc64d468-c43c-4628-8ee8-236b0b81ad11;
1a5db8ff-1e4c-4151-91d0-d5329ea39b0b;
11df5a0e-cc17-491a-bd41-5d28fefa25a6;
4657a5b4-2301-4f8a-a565-b409b067feba;
25828178-9bf1-49a0-ab8f-662f17ea409d;
2c568365-69a1-4640-b9c5-7cda26da4895;
3d811545-a3b5-49d2-869f-0a1d5e9f135b;
c1850bd5-b8f4-41f6-ad27-fb2514e42ca3;
e5a62b58-b449-4687-91e1-b774e5c29c31;
b663b0ef-319d-4296-8cd0-98ad2c603de0;
19e1642a-a1ac-45af-95a6-38a487930a0f;
61f50c86-5cae-49d1-b10f-3bbc4438d393;
9d79c8e0-35a5-47c4-9fb1-69713fe2bcc1;
49b07d01-d314-4e17-9c7a-a45aa98cf9de;
a0f8967f-aa3c-4b04-bcea-bb23c2c59ebc;
4bd543a7-05d9-4db3-aab4-9cb4958f82e2;
6e380c6b-72d0-4f5e-8f5e-37b73615679b;
16d7ed8a-3ff4-424c-a163-36873caf15f2;
cb0bbcd9-8f4f-4fb3-afff-8e1ebc5bf891;
a3fb428f-7526-4735-a05b-9c0075ab08f6;
58f74fe8-8a6a-498c-b982-fb4ed52a2205;
bd18ae40-71f6-4d8a-b602-06b49a7ccf95;
736a7b01-9779-4293-b276-71746d15161c;
69e650d4-2c00-4ac5-99de-2603826de01b;
6c5bc5ef-0bdf-4436-b883-ca00683888f7;
e6c4ebcd-3d21-4010-9c66-007bbe1d8e3b;
a0a55761-b4f6-4543-9d43-0e1589e5081d;
13f1c4b8-6cca-4016-b8f8-36fb8689d72d;
a3463139-126b-4bda-b5ff-56b16254d03a;
cfcef4e8-007e-469f-8fb0-334f8358b4e3;
34a97366-b59f-4202-8328-db91aa1cbfdf;
44459e12-400f-4494-902a-24f364477e72;
7c25bbde-d2b8-4d91-a2ef-9abbebae326f;
8284255a-3f21-4fcb-b5dd-b3ab59536735;
65e719b6-1d20-4f23-8404-866a07da7a8b;
1cdb6580-ce98-434d-9e85-9caacf196989;
8f9b5a7b-411b-4f53-a157-390615e80f94;
9be6d7fb-0131-4808-b5f8-7be7cd06d529;
d272d0f1-bbde-4593-9298-39056ec46388;
036dd1f9-9a2d-44c8-b576-44b5d6664aa3;
51b6d8de-3393-4c60-986d-080d5df651de;
2fe8c55a-be56-45ac-82ce-612cade1cdb1;
d051afac-8b91-4f1d-9eb0-e48971daf32f;
13f2c0ad-46ab-4c5e-9371-748e9ce51c62;
adf545ce-5820-4778-9a1a-2d460678d5d1;
77893abc-d311-44a7-a9a1-bd19adad33e1;
ab28d26c-1a11-4015-9dc9-24dccbe6354b;
8e3a4c3e-6880-42f6-b383-870bad2a4b84;
509b5c12-b951-4e92-98c9-0060412aad74;
1a70edb9-a168-4c47-9009-fe29b61aa8c9;
0f4f8edb-2d0c-4759-ab5f-4584b669d072;
bdb98a5a-37b0-44c9-9d0d-bd7ea4cb453e;
f28535e8-f328-41dd-8e2e-c06e484f1cf0;
cf3970d8-464f-4e13-be1f-7db4ffb3a03c;
d7df3428-6b84-4417-914c-9b81a3e8a68c;
c4a232ac-f4e0-4359-90ef-8034ceb89f35;
bea878b5-f971-40d0-a6a3-0f243e177ea7;
f9971d4b-8f4f-4d5a-be25-6c177515d17f;
c2e0a529-91ae-41ff-9eaf-0b5317e2f356;
f4e67a52-4956-44ef-9a38-5ec2667c943c;
03589ada-6bc7-4443-9314-ee7a012588d2;
c83b96c4-6bf6-4841-929b-08c9a65e440e;
770fa63a-167b-4a93-a2b5-13033c6e1413;
cd42a712-4dc6-4133-a649-192a4a9747ed;
c091fe63-1056-4eea-a0ac-a1c09c5dc446;
d590f546-6c0d-4b14-9387-1fcecd4e4bc1;
7663a6ad-6c43-486d-9472-784b6bcd8bb4;
87742d4c-6597-491e-8082-87797dfb9a2a;
74816808-3180-41df-a7df-1bbf7b738073;
0c6c41f1-3bfc-4180-a008-9522df3777dc;
16654c21-e584-43df-81b8-c088ff2eb080;
494bc58e-2344-4606-b82d-97197a1c4eb3;
0f7b7454-c95e-4545-b791-1ec27ae55bec;
24b68c31-8c91-4423-bce0-052b1a54afaa;
7f9e61c0-0023-4788-9bc1-ad9d45dc1f06;
da5285d7-ff4c-499d-8f1d-71abf275a7dd;
e1c385f7-727d-49b6-9bb7-dec7785d161f;
7604a00c-3303-4c07-9656-90d5e546d900;
f34d1acc-be40-4176-b23d-c8469e87183f;
2bdd3e8e-1c3e-4734-87fc-804d21eca302;
c4e546ed-a422-4115-b22b-a5814309e05c;
e732163d-c49d-46f3-9704-0d71bf5d9469;
45821515-57d4-4f7e-a413-df17cb8c1221;
b1c5c512-28ca-4a79-a0da-5d98a2ab1a83;
449fefb5-b732-41bf-b2c3-18111fd57dd3;
60c5cdae-5697-4f60-8a06-6e366bd91cae;
16346ee4-0b36-4a47-aa84-96b5db750fab;
669634ad-3404-472b-96d7-4e384f3c037a;
b0d85036-0fa9-4f84-9ea2-6c685666a582;
dcffc149-48ba-4307-a9e8-ed6d91a55aa2;
2dadb030-dcaa-41eb-82b8-04b23fb9c7a9;
044e1242-9c86-49d7-90c2-c9a0b4557e2e;
a62e92cf-e4c9-418f-8855-7f335d0c7129;
1018d417-4207-4068-94bd-0952c5c86f17;
abf8dbaa-0eb2-4f1c-9bf7-ff5c1ca6415a;
46c100b8-727d-4bcd-acc6-bf9df3d8e11e;
d90bb621-6ce8-45ca-8818-e8a81b00ba20;
e607f25b-03f3-4a2d-a387-ae4e9e57ab1c;
de6e3fc4-b998-4b0e-9191-491a1507fd2c;
e8af00a3-11cf-40da-990f-a34a920123d9;
e2d55b11-b5e4-4f8b-ae0e-96ca34d44ac6;
d20d286b-2158-4b3b-87f9-9b2e998ffc87;
5da76177-3d95-435b-9447-ddefeaa7a196;
279ce40b-13e9-4b46-aed6-f4a0d02507f7;
3486e567-f3f5-4bdd-9d81-89b532cf6508;
4dc456af-0cd6-4b6e-8019-dea2b82c4bb6;
60dac645-404d-44c3-9b56-f1a25b88ce93;
d4a41ece-7b7f-46b2-ba86-43b89f20aa25;
5c74e20a-e84a-4c57-b006-57b5e41553f0;
074ca5e8-ad0c-4f0b-a80d-aaf36bb6817d;
5a99b089-8b6b-42a8-b30b-c685847745fe;
6c72d562-e5d6-49cd-ada9-f8860a74dc47;
2977c951-6645-4d1b-b039-264f85c7d088;
60104b2c-d303-41a0-80a2-ba40130c33e5;
99c92612-8ac6-48b7-ae8f-2aeb53a2feaa;
9063247e-a34c-40b3-9ec1-34edbdad8c6d;
0da4a860-bc83-4473-91e5-75c8f5333305;
fd9e6359-c061-4e5c-a33e-3a70c334a461;
d1b1e1d5-8411-45da-a694-c1398a06c054;
245c7d3c-4b78-43df-b49e-88b103ebdb42;
61215a60-e70e-4a41-bdb3-350c522ebb12;
c25b5c40-32d6-45f0-a985-80dc01a2750f;
7d1030b0-a5ad-495b-9452-788eb6dc3dba;
bb8cc676-1df5-454b-8738-8b40f5a42767;
41c836d3-a052-4ccd-8cc3-71d114fabadd;
9931adce-1328-4335-816a-8b260fc212d1;
cd243af8-f6ed-49e6-9ea6-ac51b5660179;
e8f3fd3c-d1b0-4b8d-9ea7-13ab92188882;
5a667811-06d8-4d91-86db-25cadb216a33;
d52dbc6d-9f39-4e54-a56d-eebca48e299c;
66a35ebe-ec4c-4f89-aaa7-ae5655ed333f;
4e2f1305-b170-433d-826e-1a916cea2951;
e458dc9e-03c6-4697-87bf-b2971926c877;
7b23d4c4-db78-47e6-933d-330b3e1db2b0;
f0820e7a-3b67-495d-a8f3-a31414633770;
4dd0ca53-c068-4cfc-93df-ce56e8b89754;
54333c1b-1455-48ef-9d82-760379dfe2ec;
196a4e69-5e71-4550-9ec1-75f671fdb866;
651e46a2-0fa8-45cd-b37b-1df94f555c2b;
6bc6c6d1-ab4a-4ce1-94b9-93f8d88d6458;
971ce47f-d56e-4234-accc-59f3e8866866;
a15b5aa6-6ab3-4878-a628-2d56b3462eec;
a4e84914-a22e-46c4-8ef4-0ebf592b127d;
eb10753a-389d-4b1c-bed3-f1a2ae92b1c4;
a9eb52eb-969e-4a97-8110-b9e5c184feb7;
5d943509-7ef3-4475-b282-781909cf1d80;
b6e68839-d25e-4117-975a-f0305d07926d;
633fc2f3-fd62-4437-b6ba-ab29040668af;
af81d1e7-467b-4fc2-ae09-bceb9a378252;
933f6a33-ab09-4f03-bcb7-e93337d2be1b;
ac770abf-1836-446f-be08-1a59461ba4ab;
39e1ddbb-d4a4-4e6c-9351-1f3648aab8d1;
9f51ac30-65af-4c98-97b5-a957cbc2126c;
3a8145bc-c6ec-427b-966f-5bee519b8d8a;
68642924-1034-41ff-8ef3-be05397747a7;
f37f00b7-cee6-464c-8560-78a34d0a4d21;
9fa8dde0-7860-4612-a79f-c53490ac440b;
e232f2ce-cce1-446d-b1fd-2dbc4b568631;
0b3a8795-a16b-42de-9dac-7e8316c2dc22;
749c700d-fd55-45ca-9fcb-eb262f806923;
eb5f90ec-aeb6-47c1-98f7-26839c92aff6;
67488076-27b4-4cf9-8bd9-dcf32382fa5a;
1507ef68-65a3-4dc6-87ba-a0018e90790d;
ceedc475-6e1f-4f7f-930d-43a3d9181899;
c646695b-4225-4da8-b771-d4f188148478;
e33317b4-4762-46bb-a09b-40c56eae7341;",,,,,,,,
066d1f0f-6303-46d8-99fa-c9278b60a072,,,Diagnosis Set of Sets,,,ConvSet,N/A,,,Bdsec Diagnosis,,,,,,,,