Uuid,Void/Retire,Fully specified name:en,Short name:en,Description:en,Data class,Data type,Complex data handler,Answers,_version:1,_order:23,Allow decimals,Normal high,Normal low
aff3c1db-2677-47a1-b435-6934e38582ce,,Date of surgery,Date of surgery,Date of surgery,Question,Date,,,,,
f018df33-cdae-4756-a422-925f1d69781e,,Identify(Name and address),Identify(Name and address),Identify(Name and address),Misc,N/A,,,,,
ef53d157-1ace-4a6b-9ad8-6b7af4d818f7,,Use of topical antibiotics,Use of topical antibiotics,Use of topical antibiotics,Misc,N/A,,,,,
c29d1529-058e-48d7-98e0-8f91add6a569,,Pre-op systematic medications taken,Pre-op systematic medications taken,Pre-op systematic medications taken,Misc,N/A,,,,,
8e197266-c856-4ee3-a8bf-fee4d3476a15,,Type of surgery and IOL,Type of surgery and IOL,Type of surgery and IOL,Misc,N/A,,,,,
b8325633-088b-4201-b21a-71107eb39ed1,,Billing details verified,Billing details verified,Billing details verified,Misc,N/A,,,,,
4b6f5d34-8b3c-48a4-a07d-f0e5f7203110,,A-scan verified,A-scan verified,A-scan verified,Misc,N/A,,,,,
c6d33671-53a8-4412-84d7-322a38e434ed,,Any known allergy,Any known allergy,Any known allergy,Question,Coded,,Yes;No,,,
eb26d611-5a36-4e46-892c-4ab6edbfbbac,,Cataract Pre-op iodine applied,Pre-op iodine applied,Pre-op iodine applied,Question,Coded,,Yes;No,,,
f7bb36ff-c2e3-4f73-b379-f6b4e4c638e6,,Patient identify,Patient identify,Patient identify,Misc,N/A,,,,,
d493b6f9-b857-4fc5-a279-c00faca9153f,,Procedure,Procedure,Procedure,Misc,N/A,,,,,
cb1b561f-32ef-41a6-81bd-cd0e2b5e6e5b,,Lens model and power,Lens model and power,Lens model and power,Misc,N/A,,,,,
ff74447e-120b-40fc-8148-8c79b743ac4e,,Cataract surgical aseptic precautions taken,Aseptic precautions taken,Aseptic precautions taken,Question,Coded,,Yes;No,,,
a9b5de5a-5547-4c6c-a08d-8b150c1431d6,,Eye cleaned with Betadine,Eye cleaned with Betadine,Eye cleaned with Betadine,Question,Coded,,Yes;No,,,
c7c8b325-0437-4545-b067-ea9e136522c8,,Cataract surgery patient draped and speculum applied,Draped and speculum applied,Draped and speculum applied,Question,Coded,,Yes;No,,,
28f25d02-3145-4751-abce-eb6017712d5b,,Name of the procedures recorded,Name of the procedures recorded,Name of the procedures recorded,Misc,N/A,,,,,
db50337c-10fd-432b-aaac-4cfb85ccee9f,,Any specific post op instructions,Any specific post op instructions,Any specific post op instructions,Misc,N/A,,,,,
9496470e-d3ec-412d-a083-8e5a93f7c624,,Retrobulbar,Retrobulbar,Retrobulbar,Misc,N/A,,,,,
26853482-3333-41d9-83a5-aabc160ba711,,Peribulbar,Peribulbar,Peribulbar,Misc,N/A,,,,,
116c8ccb-5f45-4c0a-92ec-afb60eb8939a,,Sedation,Sedation,Sedation,Misc,N/A,,,,,
ca4d8025-9b0a-415f-92f9-2c202bffe6ce,,GA,GA,GA,Misc,N/A,,,,,
a27db3c1-caea-4946-b6a5-b7ecff045576,,Given by Sign,Given by Sign,Given by Sign,Image,Complex,ImageUrlHandler,,,,
93f04e3c-e6c0-4471-a35e-2606ee648841,,Given by Name,Given by Name,Given by Name,Question,Text,,,,,
6fcca436-ec04-40a0-8f7d-d406829ecf3d,,Given by Time,Given by Time,Given by Time,Question,Text,,,,,
3f349021-c32e-4b67-83e9-5a2a8350d949,,If repeated by Sign,If repeated by Sign,If repeated by Sign,Image,Complex,ImageUrlHandler,,,,
6a616af3-2968-46a4-9dc8-b125a3359e52,,If repeated by Name,If repeated by Name,If repeated by Name,Question,Text,,,,,
cc62678d-f42f-444e-8c42-de0cd8341279,,If repeated by Time,If repeated by Time,If repeated by Time,Question,Text,,,,,
5e5e39c2-a747-49df-86f7-641ad2553700,,IV Mannitol,IV Mannitol,IV Mannitol,Misc,N/A,,,,,
129b32d4-0314-45df-9713-1f2411a8e460,,Xylocaine testdose,Xylocaine testdose,Xylocaine testdose,Misc,N/A,,,,,
e6f6857b-88f5-44ea-b6ea-24a48d82bb3f,,Assistant Nurse,Assistant Nurse,Assistant Nurse,Question,Text,,,,,
f477762f-ce98-4cbf-a091-e25310125378,,Starting time,Starting time,Starting time,Question,Text,,,,,
7dee3b47-20e0-4978-ad8e-afd4e85a635b,,Finishing time,Finishing time,Finishing time,Question,Text,,,,,
8d06d078-9a51-48ec-85f1-b3e5405a3220,,Phaco time,Phaco time,Phaco time,Question,Text,,,,,
7f7c184b-8767-4bb0-bd48-eac1a8d118a7,,ECCE,ECCE,ECCE,Misc,N/A,,,,,
b4d468b7-cce7-4748-aa83-d48d3973dc07,,SICS,SICS,SICS,Misc,N/A,,,,,
cf750cf2-ec81-4e3b-b036-1d51a685f18f,,Phaco,Phaco,Phaco,Misc,N/A,,,,,
82e472e4-c6fc-4412-94e4-2b4eae32b7ab,,Lens removal,Lens removal,Lens removal,Misc,N/A,,,,,
4701f9a8-6323-475a-a9d3-e8e0c985fff2,,Secondary IOL,Secondary IOL,Secondary IOL,Misc,N/A,,,,,
5f5bb23b-67b2-4c57-9c20-1d73069c13b6,,Resurgery (outside operated),Resurgery (outside operated),Resurgery (outside operated),Misc,N/A,,,,,
fd821789-58b6-4581-94d6-0f8fd8fe7be2,,Rigid,Rigid,Rigid,Misc,N/A,,,,,
6796fe76-486b-4d87-8bca-f4f2fe924cbe,,Aspheric,Aspheric,Aspheric,Misc,N/A,,,,,
e60c3903-05fd-4742-9690-2fe5b9513940,,Auroflex,Auroflex,Auroflex,Misc,N/A,,,,,
9de57fe9-9e93-41f5-8cdf-ab493dab9c30,,Aurovue,Aurovue,Aurovue,Misc,N/A,,,,,
13576fa3-2117-4e05-bd90-426f05c9cb76,,Acrylic,Acrylic,Acrylic,Misc,N/A,,,,,
986a156d-1372-4e34-812f-30d5058b8575,,Multifocal,Multifocal,Multifocal,Misc,N/A,,,,,
ef48720c-190c-4c24-a364-688ca2bd5017,,Auro Toric,Auro Toric,Auro Toric,Misc,N/A,,,,,
f7f9a3a9-c1ba-4c97-ac91-840aa2e466c6,,Imported Toric,Imported Toric,Imported Toric,Misc,N/A,,,,,
806c39c7-6585-4598-bcd6-74ec52c28221,,Corneal,Corneal,Corneal,Misc,N/A,,,,,
1b18468d-8f89-4015-b2f3-71530c8957ed,,Limbal,Limbal,Limbal,Misc,N/A,,,,,
ba698d09-3b2a-4828-a0de-6ec8b9add9ff,,Scleral,Scleral,Scleral,Misc,N/A,,,,,
cda1974a-e1b8-48b4-bdbc-b679a6c8eff4,,Superior(Answer),Superior,Superior,Misc,N/A,,,,,
0d8631eb-ba7f-4ab7-9e80-528d194aa9b5,,Temporal,Temporal,Temporal,Misc,N/A,,,,,
bc5588bd-aee6-4f1e-9db5-cda90fcc1c68,,LRI,LRI,LRI,Misc,N/A,,,,,
9125d469-b618-4e25-9f30-ef553a02dd58,,In Bag,In Bag,In Bag,Misc,N/A,,,,,
246fd739-a199-4911-8dd5-76a19e31b121,,Sulcus,Sulcus,Sulcus,Misc,N/A,,,,,
23186df6-5d19-47d7-8b60-0d92e16ee6d5,,IF IOL,IF IOL,IF IOL,Misc,N/A,,,,,
26bc4667-1a4a-4b72-aa8c-744303a5852d,,SF IOL,SF IOL,SF IOL,Misc,N/A,,,,,
03b0b838-7c8c-4b45-9ac9-5ab8514cc7a9,,Nil,Nil,Nil,Misc,N/A,,,,,
56a89196-ad73-4a91-a4de-32ea747ce219,,Canopener,Canopener,Canopener,Misc,N/A,,,,,
146f3189-5027-4b7a-a491-d1ae4778f246,,CCC,CCC,CCC,Misc,N/A,,,,,
7c5ba9c8-dede-4562-ad3a-03ff8b0e3dfe,,Envelope,Envelope,Envelope,Misc,N/A,,,,,
dc3f47b6-676e-42fe-804a-bc29f0fe2567,,PI,PI,PI,Misc,N/A,,,,,
c7449c76-50ce-4971-a1ba-45e721d96d4d,,SI (Iridectomy),SI,SI,Misc,N/A,,,,,
4076104b-c2bc-4d4f-a447-bee41306c7c3,,ST,ST,ST,Misc,N/A,,,,,
4382051b-bff0-4746-8777-674923b3da56,,Xylocaine,Xylocaine,Xylocaine,Misc,N/A,,,,,
36fad84c-e081-423a-bd48-0be159f6a539,,Trypanblue,Trypanblue,Trypanblue,Misc,N/A,,,,,
cf73b2b3-4dfd-40a7-afd5-b74e7386d525,,Pilocarpine for cataract surgery,Pilocarpine,Pilocarpine,Misc,N/A,,,,,
03468a20-cc38-4537-a18d-18bf5f48fbbc,,Antibiotic,Antibiotic,Antibiotic,Misc,N/A,,,,,
6a7565fc-c279-42bc-8c18-71faa4ef8247,,Triamcinolone for cataract surgery,Triamcinolone,Triamcinolone,Misc,N/A,,,,,
4d3f248f-e881-4b46-8aa1-b5fa5af3253b,,CTR,CTR,CTR,Misc,N/A,,,,,
3ba0680e-9c1a-4d4a-835e-d94833efbd79,,Iris hooks,Iris hooks,Iris hooks,Misc,N/A,,,,,
01abe097-2e2c-41aa-95a8-e9564cc383ac,,Capsule hooks,Capsule hooks,Capsule hooks,Misc,N/A,,,,,
de719617-2efe-4bfa-812e-0a2156f1126f,,Modified CTR,Modified CTR,Modified CTR,Misc,N/A,,,,,
cf9c0edc-1078-41cc-9445-c3bb7dd4f343,,Sutures,Sutures,Sutures,Question,Coded,,Yes;No,,,
ef27dd12-ab56-45a8-a43f-febebb9ce7cf,,"If yes, material","If yes, material","If yes, material",Question,Text,,,,,
53a8d87b-f6be-4a92-a4c2-31ea23c448d8,,Premature Entry,Premature Entry,Premature Entry,Misc,N/A,,,,,
ee91956e-de56-4b12-8c4d-06ff5c5b9357,,Rhexis tear,Rhexis tear,Rhexis tear,Misc,N/A,,,,,
de70d0bc-eda0-4644-9586-da090f955fd3,,PC Rent,PC Rent,PC Rent,Misc,N/A,,,,,
166ae59e-5933-4598-b53c-637331200167,,DM detachment,DM detachment,DM detachment,Misc,N/A,,,,,
97ef80df-c9e3-4dbf-9baa-131f23b26247,,Iridodialysis (>3hrs),Iridodialysis (>3hrs),Iridodialysis (>3hrs),Misc,N/A,,,,,
6806f695-ddb6-4b8e-bce5-aa482fa9663b,,Drop (Nucleus/ Epinucleus/IOL),Drop (Nucleus/ Epinucleus/IOL),Drop (Nucleus/ Epinucleus/IOL),Misc,N/A,,,,,
f13629f2-47a1-4077-a60d-aa13dc188f6a,,Zonular Dialysis,Zonular Dialysis,Zonular Dialysis,Misc,N/A,,,,,
7c95ee47-b69e-4e2c-95ed-fc7ceb34fa17,,Vitreous Disturbance,Vitreous Disturbance,Vitreous Disturbance,Misc,N/A,,,,,
f094d80c-da03-482b-bd81-5e5350f470dc,,Failure to implant,Failure to implant,Failure to implant,Misc,N/A,,,,,
83a6c755-05f7-4f86-b796-7ce4745ecacd,,IOL damage / exchange,IOL damage / exchange,IOL damage / exchange,Misc,N/A,,,,,
e65540b5-176a-43bb-b7fa-09faaadb9340,,Nucleus Delivery,Nucleus Delivery,Nucleus Delivery,Misc,N/A,,,,,
8dbdc07c-4efb-4a9a-9ebd-e264ff56fbe5,,Emulsification,Emulsification,Emulsification,Misc,N/A,,,,,
d7cf1e60-1360-4806-a573-ec77e3abbcd2,,I/A IOL Implantation,I/A IOL Implantation,I/A IOL Implantation,Misc,N/A,,,,,
d7efcd4a-e829-4a0c-bffb-a80cb147771c,,Automated,Automated,Automated,Misc,N/A,,,,,
fa95e39d-17c2-4bd9-957e-fb09bbd5de13,,Weck sponge,Weck sponge,Weck sponge,Misc,N/A,,,,,