Uuid,Void/Retire,Fully specified name:en,Short name:en,Description:en,Data class,Data type,Answers,_version:1,_order:23
4e0929aa-0227-4f74-aa52-b780ad4b6007,,Cataract Surgery(Counselling),Cataract Surgery,Counselling for cataract surgery,Misc,N/A,,,
d1ba5f7e-722e-4215-9a9c-85b9317c405d,,Glaucoma Surgery(Counselling),Glaucoma Surgery,Counselling for glaucoma surgery,Misc,N/A,,,
142d038a-03f2-446c-bf95-fdb9e87cb64f,,Retina Surgery(Counselling),Retina Surgery,Counselling for retina surgery,Misc,N/A,,,
a87fb1c1-80c3-4eaa-8500-88cdbc011b68,,OculoPlastic Surgery(Counselling),OculoPlastic Surgery,Counselling for oculoplastic surgery,Misc,N/A,,,
168f4b9c-b341-42a8-b349-1851b4c0ea85,,Instracapsular cataract extraction surgery(Counselling),Instracapsular cataract extraction surgery,Instracapsular cataract extraction surgery,Misc,N/A,,,
f4e8d22a-9ce9-43e6-baf5-ee4cfe97dd55,,Extracapsular cataract extraction surgery(Counselling),Extracapsular cataract extraction surgery,Extracapsular cataract extraction surgery,Misc,N/A,,,
4bd55124-bf63-4cb6-a704-6ed28db785ed,,Small incision caratact surgery(Counselling),Small incision caratact surgery,Small incision caratact surgery,Misc,N/A,,,
16ac86cc-74d9-4f07-98ed-98e413efa05e,,Phacoemulsification surgery(Counselling),Phacoemulsification surgery,Phacoemulsification surgery,Misc,N/A,,,
f13814a4-5fae-11ef-be9b-325096b39f47,,Type of Surgery,Surgery Type,Recommended surgery,Question,Coded,Cataract Surgery(Counselling);Glaucoma Surgery(Counselling);Retina Surgery(Counselling);OculoPlastic Surgery(Counselling);,,
5613f18a-8df9-4451-a994-7327ae49db37,,Type of cataract surgery(counselling),Cataract Surgery Type,Recommended cataract surgery,Question,Coded,Instracapsular cataract extraction surgery(Counselling);Extracapsular cataract extraction surgery(Counselling);Small incision caratact surgery(Counselling);Phacoemulsification surgery(Counselling),,
86351AAAAAAAAAAAFAMAAAAAAAAAAAAAAAAA,,Prognosis for Surgery,Surgical Prognosis,Patient's prognosis for surgery,Question,Coded,Good;Poor,,
86353AAAAAAAAAAAFAMAAAAAAAAAAAAAAAAA,,General Anaesthesia,General Anaesthesia,,Misc,N/A,,,
86356AAAAAAAAAAAFAMAAAAAAAAAAAAAAAAA,,Subtenons,Subtenons,,Misc,N/A,,,
86357AAAAAAAAAAAFAMAAAAAAAAAAAAAAAAA,,Intracameral,Intracameral,,Misc,N/A,,,
d5d3db65-5e07-11ef-8f7c-0242ac120002,,Topical,Topical,,Misc,N/A,,,
86352AAAAAAAAAAAFAMAAAAAAAAAAAAAAAAA,,Type of Anaesthesia,Anaesthesia Type,Recommended anaesthesia,Question,Coded,General Anaesthesia;Retrobulbar;Peribulbar;Subtenons;Intracameral;Topical,,
80104ff7-2b67-407b-b5ab-7523f6e11f99,,Retinal OCT counselling checklist,Retinal OCT counselling checklist,,Question,Coded,"Explain what an OCT is;Explain why the OCT was ordered;Explain key findings in simple terms;Explain how the OCT supports the diagnosis;Discuss frequency of future OCTs",,
db223c0c-ea9f-41f3-b75f-6a01c6a5fcba,,Explain what an OCT is,Explain what an OCT is,,Misc,N/A,,,
30c44ba4-1a70-4935-b5df-e32f141a4cd3,,"Reassure, non-invasive, quick and painless","Reassure, non-invasive,Quick and painless",,Misc,N/A,,
cc2be681-9284-4ada-bc12-74db69a3b4e2,,Explain why the OCT was ordered,Explain why the OCT was ordered,,Misc,N/A,,,
4fa31e5f-db9f-4558-8e34-905c4b476319,,Explain key findings in simple terms,Explain key findings in simple terms,,Misc,N/A,,,
f8c3e015-3311-4867-8744-6e20ee4ebb47,,Explain how the OCT supports the diagnosis,Explain how the OCT supports the diagnosis,,Misc,N/A,,,
8f32d268-b1b3-4fc3-a1c6-5fefc154ff85,,Discuss frequency of future OCTs,Discuss frequency of future OCTs,,Misc,N/A,,,
4270e392-40be-4ab4-9649-e929a7f75a2c,,FFA investigation counseling checklist,FFA investigation counseling checklist,,Question,Coded,Explain the purpose of FFA;Describe the procedure;Emphasize that it takes about 10-15 minutes;Discuss risks and side effects;Have the patient sign written consent form;Recommended light meal before procedure;Advice against driving afterward;Ask patient to bring sunglasses for posttest light sensitivity;Inform the vision may be blurred temporarily due to dilation;Warn of yellowish skin /urine for 24-48 hours,,
22979255-76b1-4786-b59c-6dfdb09b7f12,,Explain the purpose of FFA,Explain the purpose of FFA,,Misc,N/A,,,
73d69b35-b295-4d2f-9b17-aaf05b2268ea,,Describe the procedure,Describe the procedure,,Misc,N/A,,,
322b1225-7246-481f-b2ff-2a7056533860,,Emphasize that it takes about 10-15 minutes,Emphasize that it takes about 10-15 minutes,,Misc,N/A,,,
2ff852d1-f9dd-41d7-9b4b-b3adc18b901f,,Discuss risks and side effects,Discuss risks and side effects,,Misc,N/A,,,
76677296-828a-4c9a-b613-5bd20081f842,,Have the patient sign written consent form,Have the patient sign written consent form,,Misc,N/A,,,
3e54d517-99d8-4041-ba1b-fadb440c5639,,Recommended light meal before procedure,Recommended light meal before procedure,,Misc,N/A,,,
06c3839d-0b0d-412f-a97e-2c8f16b98540,,Advice against driving afterward,Advice against driving afterward,,Misc,N/A,,,
ca461c74-dc47-41c8-8763-b262c70c4421,,Ask patient to bring sunglasses for posttest light sensitivity,Ask patient to bring sunglasses for posttest light sensitivity,,Misc,N/A,,,
15d8d163-bf7c-45e8-8edf-d4d3d9441bcf,,Inform the vision may be blurred temporarily due to dilation,Inform the vision may be blurred temporarily due to dilation,,Misc,N/A,,,
b77a6901-82f9-47f3-9803-ecc7343ec73d,,Warn of yellowish skin /urine for 24-48 hours,Warn of yellowish skin /urine for 24-48 hours,,Misc,N/A,,,
4efe5bfe-b47b-48fd-907a-bfa312f24a3d,,HFA (visual field) counseling checklist,HFA (visual field) counseling checklist,,Question,Coded,Explain purpose of the test;Explain test overview;The test is not painful or invasive;Emphasize the need for cooperation;Patient instructed on test process and importance,,
c3824c60-8ccf-44d6-a470-f87d79ad96db,,Explain purpose of the test,Explain purpose of the test,,Misc,N/A,,,
46ec3684-126e-4899-96ab-4702d669962f,,Explain test overview,Explain test overview,,Misc,N/A,,,
8a01eeb7-8fb1-4b72-b687-444c0d7f1d31,,The test is not painful or invasive,The test is not painful or invasive,,Misc,N/A,,,
b13f1485-d2c7-4502-ba2c-bfdab9cf9dda,,Emphasize the need for cooperation,Emphasize the need for cooperation,,Misc,N/A,,,
18bb33f7-7020-4e45-bfdb-463b1ea084ab,,Patient instructed on test process and importance,Patient instructed on test process and importance,,Misc,N/A,,,
77410c3d-13de-4ce0-9e58-36fdbfb8731b,,Fundus photography counseling checklist,Fundus photography counseling check list,,Question,Coded,"Explain purpose of the test;Describe why it is being done;Explain test overview;During the procedure describe what is expected from the patient;After procedure discuss follow up plan or additional tests scheduled",,
641482e5-9445-4cfc-b4f8-269cf0b50d30,,Describe why it is being done,Describe why it is being done,,Misc,N/A,,,
3b97a755-01bf-4a55-a059-65031d5dec1c,,"Pre test instruction, inform about possible dilation, advice not to drive","Pre test instruction, inform about possible dilation,advice not to drive",,Misc,N/A,,
e7789274-b164-4232-9059-433af5f82d6a,,During the procedure describe what is expected from the patient,,,Misc,N/A,,,
bc781681-0daa-4419-997a-9c3820f10838,,After procedure discuss follow up plan or additional tests scheduled,After procedure discuss follow up plan or additional tests scheduled,,Misc,N/A,,,
f275e465-bcb3-4915-820a-7823a9c707b6,,Biometry for cataract surgery counseling checklist,Biometry for cataract surgery counseling checklist,,Question,Coded,"Explain what biometry is;Explain the method used;Reassure the test is painless, it takes just a few minutes;Pre test instruction like avoid rubbing or blinking during the test;During the procedure instruct we may use anesthetic drops and a small probe",,
29ed8897-2765-487c-81ba-6bc89cafc676,,Explain what biometry is,Explain what biometry is,,Misc,N/A,,,
9ec4c0e4-c965-4e9f-a45a-9cf0d90b2074,,Explain the method used,Explained the method used,,Misc,N/A,,,
60f9cabb-86c8-4282-8cbc-a0be80e3bb84,,"Reassure the test is painless, it takes just a few minutes","Reassure the test is painless, it takes just a few minutes",,Misc,N/A,,,
837dbfcf-eb4e-4f01-bdaa-32c0a65368d0,,Pre test instruction like avoid rubbing or blinking during the test,Pre test instruction like avoid rubbing or blinking during the test,,Misc,N/A,,,
09361def-d721-4aa9-bd4e-ab409fcfb90c,,During the procedure instruct we may use anesthetic drops and a small probe,During the procedure instruct we may use anesthetic drops and a small probe,,Misc,N/A,,,