Uuid,Void/Retire,Fully specified name:en,Short name:en,Description:en,Data class,Data type,Answers,_version:1,_order:24
0e1e97ab-41fe-4af6-954d-b43c4fc617dd,,"Complaints, History",Complaints,Patient's presenting complaints,Question,Coded,Itching sensation;Burning sensation;Watery eye;Trauma (complaint);Headache;Photophobia;Blurred vision;Visual reduction;Difficult of reading;Crossed eye;Painful eye;Swollen eye lid;Rash over eye lid;Blisters over eye lid;Protrusion of eye ball;Nil;Other,,
ee0e58e6-c416-430e-ad7d-9e35b5005852,,"History, History",History,History of presenting illness,Question,Text,,,
ecfb049d-ad4f-413f-a86a-f17e21f4ccb4,,"History,Ophthalmology",History,,Misc,N/A,,,
8dad4d67-9924-4852-93f3-79cb97ab957d,,"Diabetes, Systemic Examination ",Diabetes,Whether the patient has diabetes,Question,Boolean,,,
661ab897-bee5-4caf-82d3-ac4f568e81b4,,"Hypertension, Systemic Examination ",Hypertension,Whether the patient has hypertension,Question,Boolean,,,
a5fa1f21-3c95-4a00-9b5b-1c59a44576e4,,"Cardiac, Systemic Examination ",Cardiac,Whether the patient has any cardiac illness,Question,Boolean,,,
5fe9d89c-30e8-4a38-9fc6-e6148bd96365,,"Renal Diseases, Systemic Examination ",Renal Disease,Whether the patient has renal diseases,Question,Boolean,,,
882551c6-2b72-4876-9b8b-168f7d418ce6,,"Asthma, Systemic Examination ",Asthma,Whether the patient has asthma,Question,Boolean,,,
e031d40b-5aa9-46ea-933d-d5686b65165b,,"Allergies, Systemic Examination ",Allergies,Whether the patient has any allergies,Question,Boolean,,,
59db8535-3275-4985-bd08-61afe6a98c08,,"Other, Systemic Examination ",Other,Whether the patient has any other systemic illness,Question,Boolean,,,
03fa9cb8-70cd-11ef-bf56-325096b39f47,,"Lids, Left Eye (Normal/Abnormal)","Lids,",The status of the lids,Question,Coded,Normal;Inflamed skin;Swollen skin;Over hanging skin;Mass;Macule;Papule;Vesicle;Bulla;Pustule;Crust;Nodule;Cyst;Plaque;Scale;Papilloma;Ulcerated;Port Wine stain;Scales on cilia;Sticky cilia;Minimal discharge;Profuse discharge;Misdirected UL lashes;Mis directed LL;Foamy discharge;Hyperaemic eyelid margin;Telangiectasis;Ectropion;Entropion;S shaped appearance;Clogged meibomian glad;Stenosed UL punctom;Stenosed LL punctom;Small eye lid laceration;Complicated eyelid laceration;Other,,
e6cc0169-79fc-4da9-ac4c-4052bcdf45d9,,"Lids, Right Eye Other","Lids,",The status of the lids,Question,Text,,,
03fa9f92-70cd-11ef-afbf-325096b39f47,,"Lids, Right Eye (Normal/Abnormal)","Lids,",The status of the lids,Question,Coded,Normal;Inflamed skin;Swollen skin;Over hanging skin;Mass;Macule;Papule;Vesicle;Bulla;Pustule;Crust;Nodule;Cyst;Plaque;Scale;Papilloma;Ulcerated;Port Wine stain;Scales on cilia;Sticky cilia;Minimal discharge;Profuse discharge;Misdirected UL lashes;Mis directed LL;Foamy discharge;Hyperaemic eyelid margin;Telangiectasis;Ectropion;Entropion;S shaped appearance;Clogged meibomian glad;Stenosed UL punctom;Stenosed LL punctom;Small eye lid laceration;Complicated eyelid laceration;Other,,
c77243af-acc0-4724-91c3-690208cc0d93,,"Lids, Right Eye (Other)","Lids,",The status of the lids,Question,Text,,,
03faa03c-70cd-11ef-80a6-325096b39f47,,"Conjuctiva, Left Eye (Normal/Abnormal)",Conjuctiva,The status of conjuctiva,Question,Coded,Normal;Red;Congestion;Discharge;Discolored;Chemosis;Papillae;Follicles;Deep seated concreations;Superficial concretion;Yellowish bump;Wedge shaped growth;Phlycten;Mass;Cyst;Ulcer;Granulomas;Membrane;Pseudo membrane;Scar;Foreign body;Tear;Short fornix;Conjunctival haemorrhage;Other,,
e6cc0169-79fc-4da9-ac4c-4052bcdf45d9,,"Conjuctiva, Left Eye Other",Conjuctiva,The status of conjuctiva,Question,Text,,,
03faa0be-70cd-11ef-ab85-325096b39f47,,"Conjuctiva, Right Eye (Normal/Abnormal)",Conjuctiva,The status of conjuctiva,Question,Coded,Normal;Red;Congestion;Discharge;Discolored;Chemosis;Papillae;Follicles;Deep seated concreations;Superficial concretion;Yellowish bump;Wedge shaped growth;Phlycten;Mass;Cyst;Ulcer;Granulomas;Membrane;Pseudo membrane;Scar;Foreign body;Tear;Short fornix;Conjunctival haemorrhage;Other,,
7685d470-3fe5-4110-9ee5-20a510b8a2ac,,"Conjuctiva, Right Eye (Other)",Conjuctiva,The status of conjuctiva,Question,Text,,,
03faa136-70cd-11ef-9872-325096b39f47,,"Cornea, Left Eye (Normal/Abnormal)",Cornea,The status of cornea,Question,Coded,Normal;Abrations;Punctate epithelial erosions;Central corneal ulcer;Paracentral corneal ulcer;Peripheral corneal ulcer;Superficial ulcer;Deep ulcer;Vascularized;Corneal epithelial defect;Corneal opacity;Corneal edema;Dendritic keratitis;Geographic keratitis;Discform keratitis;Necrotizing stromal keratitis;Stromal Opacity;Diffuse stromal edema;Necrotized stromal keratitis;Stromal edema with KPS;Descemetocele;Micro cornea;Megalo cornea;Buphthalmos;Haab striae;Keratic Precipiates;Corneal tear;Corneal tear with iris prolapse;Foreign body;Lipid deposit;Corneal Haze;Lasik flap;Corneal graft;Penetrating keratoplasty;Endothelial Keratoplasty;Contact lense;Keratoconnus;Kerato malacia;Peripheral ulceration keratitis;Phlyctenular kerato conjunctivitis;Superficial punctate keratitis;Microcyst;Dellen;Striae;Folds;Anterior staphyloma;Perforated cornea;Iris prolapse;Adherent leucoma;Perilimbal Horner-Trantas dots;Limbal Herbert's pits;Phthisis bulbi;Other,,
e6cc0169-79fc-4da9-ac4c-4052bcdf45d9,,"Cornea, Left Eye (Other)",Cornea,The status of cornea,Question,Text,,,
03faa19a-70cd-11ef-a151-325096b39f47,,"Cornea, Right Eye (Normal/Abnormal)",Cornea,The status of cornea,Question,Coded,Normal;Abrations;Punctate epithelial erosions;Central corneal ulcer;Paracentral corneal ulcer;Peripheral corneal ulcer;Superficial ulcer;Deep ulcer;Vascularized;Corneal epithelial defect;Corneal opacity;Corneal edema;Dendritic keratitis;Geographic keratitis;Discform keratitis;Necrotizing stromal keratitis;Stromal Opacity;Diffuse stromal edema;Necrotized stromal keratitis;Stromal edema with KPS;Descemetocele;Micro cornea;Megalo cornea;Buphthalmos;Haab striae;Keratic Precipiates;Corneal tear;Corneal tear with iris prolapse;Foreign body;Lipid deposit;Corneal Haze;Lasik flap;Corneal graft;Penetrating keratoplasty;Endothelial Keratoplasty;Contact lense;Keratoconnus;Kerato malacia;Peripheral ulceration keratitis;Phlyctenular kerato conjunctivitis;Superficial punctate keratitis;Microcyst;Dellen;Striae;Folds;Anterior staphyloma;Perforated cornea;Iris prolapse;Adherent leucoma;Perilimbal Horner-Trantas dots;Limbal Herbert's pits;Phthisis bulbi;Other,,
08d4366a-c051-4b4d-9579-e3a98fbee904,,"Cornea, Right Eye (Other)",Cornea,The status of cornea,Question,Text,,,
03faa208-70cd-11ef-8129-325096b39f47,,"Anterior chamber, Left Eye (Normal/Abnormal)",Anterior chamber,The status of the anterior chamber,Question,Coded,Normal;Shallow;Flat;Hyphaema (Anterior);Hypopyon;Acqueous flare;Acqueous cells;Lens particles in AC;Foreign body;Lens in AC;Other,,
5d34b187-bfb3-4265-bd3e-bb441c901279,,"Anterior chamber, Left Eye (Other)",Anterior chamber,The status of the anterior chamber,Question,Text,,,
03faa26c-70cd-11ef-bd00-325096b39f47,,"Anterior chamber, Right Eye (Normal/Abnormal)",Anterior chamber,The status of the anterior chamber,Question,Coded,Normal;Shallow;Flat;Hyphaema (Anterior);Hypopyon;Acqueous flare;Acqueous cells;Lens particles in AC;Foreign body;Lens in AC;Other,,
9b9d7d45-7b38-4e5c-a506-a65fdc9b30b6,,"Anterior chamber, Right Eye (Other)",Anterior chamber,The status of the anterior chamber,Question,Text,,,
03faa2da-70cd-11ef-9d4d-325096b39f47,,"Iris, Left Eye (Normal/Abnormal)",Iris,The status of the iris,Question,Coded,Normal;Iridodonesis;New vessels;Pupillary membrane;Coloboma;Nodule;Cyst;Posterior synaechiae;Pseudoexfoliation;Sphincter tear;Atrophy;Iris hypoplasia;Irido dialysis;Heterochromia iridis;Other,,
1d690492-6681-4be8-8f9f-bdf6bf99f29c,,"Iris, Left Eye (Other)",Iris,The status of the iris,Question,Text,,,
03faa348-70cd-11ef-9577-325096b39f47,,"Iris, Right Eye (Normal/Abnormal)",Iris,The status of the iris,Question,Coded,Normal;Iridodonesis;New vessels;Pupillary membrane;Coloboma;Nodule;Cyst;Posterior synaechiae;Pseudoexfoliation;Sphincter tear;Atrophy;Iris hypoplasia;Irido dialysis;Heterochromia iridis;Other,,
ec2e2955-fcef-408c-b56e-a2af4c04cafd,,"Iris, Right Eye (Other)",Iris,The status of the iris,Question,Text,,,
03faa42e-70cd-11ef-8ffe-325096b39f47,,"Pupil, Left Eye (Normal/Abnormal)",Pupil,The status of the pupil,Question,Coded,Normal;Non reactive;Dilated;Sluggish;Pupil size after dilation less than 5mm;Pupil size after dilation 6mm;Pupil size after dilation 7mm;Pupil size after dilation 8mm;Pupil size after dilation more than 8mm;Other,,
1e2e2e7e-2e2e-4e2e-8e2e-2e2e2e2e2e2e,,"Pupil, Left Eye (Other)",Pupil,The status of the pupil,Question,Text,,,
03faa4a6-70cd-11ef-a76f-325096b39f47,,"Pupil, Right Eye (Normal/Abnormal)",Pupil,The status of the pupil,Question,Coded,Normal;Non reactive;Dilated;Sluggish;Pupil size after dilation less than 5mm;Pupil size after dilation 6mm;Pupil size after dilation 7mm;Pupil size after dilation 8mm;Pupil size after dilation more than 8mm;Other,,
2e2e2e2e-2e2e-4e2e-8e2e-2e2e2e2e2e2e,,"Pupil, Right Eye (Other)",Pupil,The status of the pupil,Question,Text,,,
03faa514-70cd-11ef-96a9-325096b39f47,,"Lens, Left Eye (Normal/Abnormal)",Lens,The status of the lens,Question,Coded,Normal;NS I;NS II;NS III;NS IV;PSCC;PPC;Cortical;Mature;Penetrating;Subluxated Lens;Traumatic;Phacolytic;Phacomorphic;Hypermature;Aphakia;Complicated;Pseudophakia;Aphakia;Brown;Mild pseudoexfoliation;Moderate Pseudoexfoliation;Sever Pseudoexfoliation;Other,,
3e3e3e3e-3e3e-4e3e-8e3e-3e3e3e3e3e3e,,"Lens, Left Eye (Other)",Lens,The status of the lens,Question,Text,,,
03faa58c-70cd-11ef-a1c5-325096b39f47,,"Lens, Right Eye (Normal/Abnormal)",Lens,The status of the lens,Question,Coded,Normal;NS I;NS II;NS III;NS IV;PSCC;PPC;Cortical;Mature;Penetrating;Subluxated Lens;Traumatic;Phacolytic;Phacomorphic;Hypermature;Aphakia;Complicated;Pseudophakia;Aphakia;Brown;Mild pseudoexfoliation;Moderate Pseudoexfoliation;Sever Pseudoexfoliation;Other,,
4e4e4e4e-4e4e-4e4e-8e4e-4e4e4e4e4e4e,,"Lens, Right Eye (Other)",Lens,The status of the lens,Question,Text,,,
03faa604-70cd-11ef-af5b-325096b39f47,,"Ocular movements, Left Eye (string)",Ocular movements,Status of ocular movements,Question,Text,,,
03faa67c-70cd-11ef-98b1-325096b39f47,,"Duct examination, Left Eye (string)",Duct examination,The findings of duct examination,Question,Text,,,
03faa6fe-70cd-11ef-a1bc-325096b39f47,,"Duct examination, Right Eye (string)",Duct examination,The findings of duct examination,Question,Text,,,
3407fe8c-71a4-11ef-be2b-325096b39f47,,"Fundus Exam Drawing, Left Eye",,,Question,Text,,,
3408009e-71a4-11ef-ad6c-325096b39f47,,"Fundus Exam Drawing, Right Eye",,,Question,Text,,,
7e49c854-71a4-11ef-a6ab-325096b39f47,,"Slit Lamp Exam Cornea Drawing, Left Eye",,,Question,Text,,,
7e49cb06-71a4-11ef-8584-325096b39f47,,"Slit Lamp Exam Cornea Drawing, Right Eye",,,Question,Text,,,
03faa776-70cd-11ef-a9d8-325096b39f47,,"Retina, Fundus Exam, Left Eye (Normal/Abnormal)",Retina,Fundoscopy findings on retina,Question,Coded,Normal;Retinal hole;Paving stone degeneration;Horse shoe tear;Horse shoe tear with rolled edges;Detached retina;Detached retina with SRF;Lattice degeneration;Choroidal detachment;Choroidal tear;Weiss ring;Subhyaloid Haemorrhage;Pre retinal Haemorrhage;Papilledema;Flame hemorrhages;Dot & Blot hemorrhages;Optic disc infiltration;A-V Nicking;Roth Spot;Macular hole;Macular Edema;Retinoschisis;Papillitis;Choroidal neovascularization;Microaneurysms;Intraretinal hemorrhage;Exudates;Cotton-Wool Spots;Macular Ischemia;Neovascularization;Traction Retinal detachment;Venous beading;IRMA;Neovascularization of retina;Neovascularization of the disc;Hard Exudates;Other,,
5e5e5e5e-5e5e-4e5e-8e5e-5e5e5e5e5e5e,,"Retina, Fundus Exam, Left Eye (Other)",Retina,Fundoscopy findings on retina,Question,Text,,,
03faa7e4-70cd-11ef-b503-325096b39f47,,"Retina, Fundus Exam, Right Eye (Normal/Abnormal)",Retina,Fundoscopy findings on retina,Question,Coded,Normal;Retinal hole;Paving stone degeneration;Horse shoe tear;Horse shoe tear with rolled edges;Detached retina;Detached retina with SRF;Lattice degeneration;Choroidal detachment;Choroidal tear;Weiss ring;Subhyaloid Haemorrhage;Pre retinal Haemorrhage;Papilledema;Flame hemorrhages;Dot & Blot hemorrhages;Optic disc infiltration;A-V Nicking;Roth Spot;Macular hole;Macular Edema;Retinoschisis;Papillitis;Choroidal neovascularization;Microaneurysms;Intraretinal hemorrhage;Exudates;Cotton-Wool Spots;Macular Ischemia;Neovascularization;Traction Retinal detachment;Venous beading;IRMA;Neovascularization of retina;Neovascularization of the disc;Hard Exudates;Other,,
6e6e6e6e-6e6e-4e6e-8e6e-6e6e6e6e6e6e,,"Retina, Fundus Exam, Right Eye (Other)",Retina,Fundoscopy findings on retina,Question,Text,,,
03faa85c-70cd-11ef-934d-325096b39f47,,"Optic Disc, Fundus Exam, Left Eye (string)",Optic Disc,Fundoscopy findings on optic disc,Question,Text,,,
03faa8d4-70cd-11ef-9a5e-325096b39f47,,"Optic Disc, Fundus Exam, Right Eye (string)",Optic Disc,Fundoscopy findings on optic disc,Question,Text,,,
03faa94c-70cd-11ef-b531-325096b39f47,,"Macula, Fundus Exam, Left Eye (string)",Macula,Fundoscopy findings on macula ,Question,Text,,,
03faa9c4-70cd-11ef-9f9c-325096b39f47,,"Macula, Fundus Exam, Right Eye (string)",Macula,Fundoscopy findings on macula ,Question,Text,,,
03faaa3c-70cd-11ef-9da6-325096b39f47,,"Blood Vessels, Fundus Exam, Left Eye (string)",Blood Vessels,Fundoscopy findings on blood vessels,Question,Text,,,
03faaaaa-70cd-11ef-a7cf-325096b39f47,,"Blood Vessels, Fundus Exam, Right Eye (string)",Blood Vessels,Fundoscopy findings on blood vessels,Question,Text,,,
78a5d708-84d7-47eb-a1d2-021b5cda2c34,,Systemic Examination,,,Misc,N/A,,,
1115AAAAAAAAAAAAAAAAAAAAAAAAAAAAAAAA,,Normal,,,Misc,N/A,,,
118506AAAAAAAAAAAAAAAAAAAAAAAAAAAAAA,,Esotropia,,,Misc,N/A,,,
118507AAAAAAAAAAAAAAAAAAAAAAAAAAAAAA,,Esophoria,,,Misc,N/A,,,
140914AAAAAAAAAAAAAAAAAAAAAAAAAAAAAA,,Exotropia,,,Misc,N/A,,,
118473AAAAAAAAAAAAAAAAAAAAAAAAAAAAAA,,Exophoria,,,Misc,N/A,,,
138114AAAAAAAAAAAAAAAAAAAAAAAAAAAAAA,,Hypertropia,,,Misc,N/A,,,
57130316-3b6e-40f7-992a-a788e7a78a51,,Hyperphoria,,,Misc,N/A,,,
137973AAAAAAAAAAAAAAAAAAAAAAAAAAAAAA,,Hypotropia,,,Misc,N/A,,,
138033AAAAAAAAAAAAAAAAAAAAAAAAAAAAAA,,Hypophoria,,,Misc,N/A,,,
7227e6c8-9b2d-47ce-8666-ff390186f71c,,Orthotropia,,,Misc,N/A,,,
b15c7636-1c44-423a-b9a5-f1735af780d1,,Orthophoria,,,Misc,N/A,,,
c4de44d1-fc5f-42d9-b880-3791db5d84e1,,Tropia,,,Misc,N/A,,,
5d5fb000-ad5d-4879-8c65-01c74d1ea9f4,,Phoria,,,Misc,N/A,,,
f3dfbc21-0d82-456c-9c17-e6346130d5e5,,Unilateral,,,Misc,N/A,,,
30e7162e-6437-4229-afcb-315334636baa,,Alternating,,,Misc,N/A,,,
71262e14-fe8a-4b11-a119-856bbc6cccf1,,Intermittent,,,Misc,N/A,,,
ff9244be-e4aa-45a4-983e-c8abc8c670bf,,Constant,,,Misc,N/A,,,
77120b4c-034e-4d2a-90f9-201f05d33cec,,Smooth and Symmetrical,,,Misc,N/A,,,
1499AAAAAAAAAAAAAAAAAAAAAAAAAAAAAAAA,,Moderate,,,Misc,N/A,,,
6ea92c89-b5d9-494e-aafc-94ba770b7e8e,,Irregular,,,Misc,N/A,,,
64f0356a-aef9-4d0c-8cf3-0be6f369233b,,Fatiguing,,,Misc,N/A,,,
fddab28c-beac-4ad5-b58b-96aca4cf2eea,,"Lag, Right Eye",,,Question,Text,,,
4a4239cd-aaca-481a-bcac-8c9b10ee3caf,,"Lag, Left Eye",,,Question,Text,,,
8bd86680-f98d-4e5b-8721-5c5cd01d94b6,,"Fatigue, Right Eye",,,Question,Text,,,
eb7d9e4c-1958-45f7-a619-26b5a836876d,,"Fatigue, Left Eye",,,Question,Text,,,
752b7b6d-436e-447d-a6b4-9b869628dd79,,"Accommodation Facility, Right Eye",,,Question,Coded,1;2;3;4;5;6;7;8;9;10;11;12;13;14;15;16;17;18;19;20;21;22;23;24;25,,
c75d5fc6-54b3-4520-8263-e898dac6fb00,,"Accommodation Facility, Left Eye",,,Question,Coded,1;2;3;4;5;6;7;8;9;10;11;12;13;14;15;16;17;18;19;20;21;22;23;24;25,,
503583ef-2030-4cfe-8c84-8bf6072e5139,,"Jump Convergence, Right Eye",Jump Convergence,Jump Convergence,Question,Coded,Smooth and Symmetrical;Moderate;Irregular;Fatiguing,,
0239a10b-2aa6-4ed1-ad3a-1adfc88e5d93,,"Jump Convergence, Left Eye",Jump Convergence,Jump Convergence,Question,Coded,Smooth and Symmetrical;Moderate;Irregular;Fatiguing,,
36ae0e63-8cb6-4569-90c1-1828c898095f,,"Quality of Movement, Right Eye",Quality of Movement,Quality of movement,Question,Coded,Smooth and Symmetrical;Moderate;Irregular;Fatiguing,,
701bc3af-2e77-4433-af32-08544e0946fb,,"Quality of Movement, Left Eye",Quality of Movement,Quality of movement,Question,Coded,Smooth and Symmetrical;Moderate;Irregular;Fatiguing,,
f93bb2f8-d00a-4ae7-9749-2781e8f60f5a,,"Type of Deviation, Right Eye, Near",Type of Deviation,Type of deviation,Question,Coded,Tropia;Phoria,,
711a1121-b658-4eb5-a895-328c04595011,,"Type of Deviation, Left Eye, Near",Type of Deviation,Type of deviation,Question,Coded,Tropia;Phoria,,
eeac8481-0fcc-4995-acbb-ca615fb2487d,,"Type of Deviation, Right Eye, Distance",Type of Deviation,Type of deviation,Question,Coded,Tropia;Phoria,,
ff4cee8c-6e12-4ceb-a8d6-e62a05b8482b,,"Type of Deviation, Left Eye, Distance",Type of Deviation,Type of deviation,Question,Coded,Tropia;Phoria,,
27b099bc-5e21-4c81-a531-8776db7d6353,,"Direction of deviation, Right Eye, Near",Direction of deviation,Direction of deviation,Question,Coded,Orthophoria;Orthotropia;Hypophoria;Hypotropia;Hyperphoria;Hypertropia;Exophoria;Exotropia;Esophoria;Esotropia,,
17574190-e433-4bef-a971-5307c193d657,,"Direction of deviation, Left Eye, Near",Direction of deviation,Direction of deviation,Question,Coded,Orthophoria;Orthotropia;Hypophoria;Hypotropia;Hyperphoria;Hypertropia;Exophoria;Exotropia;Esophoria;Esotropia,,
ef738776-0750-4934-bca5-710ab87b8bda,,"Direction of deviation, Right Eye, Distance",Direction of deviation,Direction of deviation,Question,Coded,Orthophoria;Orthotropia;Hypophoria;Hypotropia;Hyperphoria;Hypertropia;Exophoria;Exotropia;Esophoria;Esotropia,,
e9e9f2b0-1dcc-4e6f-81ca-83296389a526,,"Direction of deviation, Left Eye, Distance",Direction of deviation,Direction of deviation,Question,Coded,Orthophoria;Orthotropia;Hypophoria;Hypotropia;Hyperphoria;Hypertropia;Exophoria;Exotropia;Esophoria;Esotropia,,
0f36c3c4-4d01-42d1-a238-74eadb99aecd,,"Magnitude of deviation, Right Eye, Near",Magnitude of deviation,Magnitude of deviation,Question,Coded,5PD;10PD;15PD;20PD;25PD;30PD;35PD;40PD;45PD;50PD;55PD;60PD;65PD;70PD;75PD;80PD;85PD;90PD,,
fe5aa8f7-d7c0-45cf-bb47-c1056928f468,,"Magnitude of deviation, Left Eye, Near",Magnitude of deviation,Magnitude of deviation,Question,Coded,5PD;10PD;15PD;20PD;25PD;30PD;35PD;40PD;45PD;50PD;55PD;60PD;65PD;70PD;75PD;80PD;85PD;90PD,,
0dc5d34e-de41-45a7-9ede-f97fe21c3308,,"Magnitude of deviation, Right Eye, Distance",Magnitude of deviation,Magnitude of deviation,Question,Coded,5PD;10PD;15PD;20PD;25PD;30PD;35PD;40PD;45PD;50PD;55PD;60PD;65PD;70PD;75PD;80PD;85PD;90PD,,
b299be38-6af6-4e92-b5c2-72da83d867fa,,"Magnitude of deviation, Left Eye, Distance",Magnitude of deviation,Magnitude of deviation,Question,Coded,5PD;10PD;15PD;20PD;25PD;30PD;35PD;40PD;45PD;50PD;55PD;60PD;65PD;70PD;75PD;80PD;85PD;90PD,,
807eff19-a010-40a8-8766-c9b2a2532500,,"Laterality of deviation, Right Eye, Near",Laterality of deviation,Laterality of deviation,Question,Coded,Unilateral;Alternating,,
a5c7dbc3-5519-4e49-8b99-7c4abd460eb3,,"Laterality of deviation, Left Eye, Near",Laterality of deviation,Laterality of deviation,Question,Coded,Unilateral;Alternating,,
625a2da2-2780-4111-a6aa-847daf479e62,,"Laterality of deviation, Right Eye, Distance",Laterality of deviation,Laterality of deviation,Question,Coded,Unilateral;Alternating,,
19fe27e5-b202-47a2-b601-7b4f8ccc521b,,"Laterality of deviation, Left Eye, Distance",Laterality of deviation,Laterality of deviation,Question,Coded,Unilateral;Alternating,,
e4d106fa-0cf9-444f-b9fd-283876b080e2,,"Constancy, Right Eye, Near",Constancy,Constancy,Question,Coded,Constant;Intermittent,,
b3c3f1f7-d5ea-43b2-891d-7458462f0134,,"Constancy, Left Eye, Near",Constancy,Constancy,Question,Coded,Constant;Intermittent,,
cc19be21-29df-4047-94b8-2a80cd3450e6,,"Constancy, Right Eye, Distance",Constancy,Constancy,Question,Coded,Constant;Intermittent,,
332a5eb7-047b-4f4f-a3d2-39860a862273,,"Constancy, Left Eye, Distance",Constancy,Constancy,Question,Coded,Constant;Intermittent,,
ed66b785-44a2-4256-9ede-8fcfdcbb9e2f,,"Near, Cover Uncover Test, Right Eye",Near,Detects a tropia (constant eye turn),Question,Coded,Normal;Esotropia;Esophoria;Exotropia;Exophoria,,
a09fc627-44d6-4ac6-95a3-982fa6c267df,,"Near, Cover Uncover Test, Left Eye",Near,Detects a tropia (constant eye turn),Question,Coded,Normal;Esotropia;Esophoria;Exotropia;Exophoria,,
16cd5853-d4b7-4234-9976-eb87c8d8c689,,"Far, Cover Uncover Test, Right Eye",Far,Detects a tropia (constant eye turn),Question,Coded,Normal;Esotropia;Esophoria;Exotropia;Exophoria,,
0b71497d-68bf-4d68-b000-cee0e82d33f9,,"Far, Cover Uncover Test, Left Eye",Far,Detects a tropia (constant eye turn),Question,Coded,Normal;Esotropia;Esophoria;Exotropia;Exophoria,,
dec876d2-ff49-4f28-9b98-2ab1c71a9cae,,"Alternate Cover Test, Right Eye",Alternate Cover Test,Detects both phorias (latent eye misalignment) and tropias,Question,Coded,"Normal;Esotropia;Esophoria;Exotropia;Exophoria;Other, Alternate Cover Test",,
d08c3ab9-95fd-4b8e-a81b-06ca49b8e511,,"Alternate Cover Test, Left Eye",Alternate Cover Test,Detects both phorias (latent eye misalignment) and tropias,Question,Coded,"Normal;Esotropia;Esophoria;Exotropia;Exophoria;Other, Alternate Cover Test",,
30ecbc61-0fd7-4f9c-b926-96d921494af4,,"Near, Cover Uncover Test ",Near,Detects a tropia (constant eye turn),Question,Coded,Normal;Esotropia;Esophoria;Exotropia;Exophoria,,
a916e48c-0405-4db0-be48-34470f3363f6,,"Far, Cover Uncover Test",Far,Detects a tropia (constant eye turn),Question,Coded,Normal;Esotropia;Esophoria;Exotropia;Exophoria,,
67956d2c-4c0f-4ade-a4a5-7636ec5bf9b5,,Cover Uncover Test,,,Misc,N/A,,,
f076db34-b98a-4a29-a57b-e2fb5b902bda,,"Other, Alternate Cover Test",Other,,Misc,N/A,,,
536164ad-6a4f-4f21-8431-7360301dc7f8,,Alternate Cover Test,Alternate Cover Test,Detects both phorias (latent eye misalignment) and tropias,Question,Coded,"Normal;Esotropia;Esophoria;Exotropia;Exophoria;Other, Alternate Cover Test",,
a4266908-a94f-409d-b244-3d3c8390dd4a,,5PD,5PD,,Misc,N/A,,,
43029355-9491-43bb-9d20-1a050cce7e7f,,10PD,10PD,,Misc,N/A,,,
bb5a5d77-8994-42a9-8a7e-651b80d49391,,15PD,15PD,,Misc,N/A,,,
4c8b36e1-e786-4f91-aebe-80e3a0e330f0,,20PD,20PD,,Misc,N/A,,,
32ea09e8-db7f-44ff-bfe4-15b4da7ec8f1,,25PD,25PD,,Misc,N/A,,,
b21e5943-5c7c-4b3e-86f9-ed944f7fd3ad,,30PD,30PD,,Misc,N/A,,,
4af315d9-2f3c-4a1c-afd7-f80e2154aa11,,35PD,35PD,,Misc,N/A,,,
262001eb-f91c-4c9f-a09d-0f74db2074a9,,40PD,40PD,,Misc,N/A,,,
a8157e62-1e4e-4ab5-91e0-00ae5893b3e5,,45PD,45PD,,Misc,N/A,,,
c0ef10ae-2ade-4e6b-873a-cd3eac8e8876,,50PD,50PD,,Misc,N/A,,,
c8b0a0ff-8d91-4cda-aa3c-8c20741b4e26,,55PD,55PD,,Misc,N/A,,,
8d54ee91-33df-4464-a51c-c1c083fe102d,,60PD,60PD,,Misc,N/A,,,
1aa05b97-0774-4077-aa92-df7a593a2e2c,,65PD,65PD,,Misc,N/A,,,
50ab2981-61fe-47de-8335-048bc59bd9d7,,70PD,70PD,,Misc,N/A,,,
73418e02-06ee-40a5-b5f8-eb03b1376f25,,75PD,75PD,,Misc,N/A,,,
30980356-f70c-4739-978d-41ee455ca7da,,80PD,80PD,,Misc,N/A,,,
b127b540-4042-4ca1-bdd2-90df376360bd,,85PD,85PD,,Misc,N/A,,,
5ca1e7ad-27ba-4d5f-8505-ee331d28c510,,90PD,90PD,,Misc,N/A,,,
c6365b42-67b2-11ef-b5c7-325096b39f47,,"Left Eye, Prism Cover Test",Left Eye,,Question,Coded,5PD;10PD;15PD;20PD;25PD;30PD;35PD;40PD;45PD;50PD;55PD;60PD;65PD;70PD;75PD;80PD;85PD;90PD,,
c6365d0e-67b2-11ef-bfb6-325096b39f47,,"Right Eye, Prism Cover Test",Right Eye,,Question,Coded,5PD;10PD;15PD;20PD;25PD;30PD;35PD;40PD;45PD;50PD;55PD;60PD;65PD;70PD;75PD;80PD;85PD;90PD,,
0134490a-1a95-4e67-85d5-abbfb10e21ec,,Prism Cover Test,Prism Cover Test,Measures the amount of eye deviation,Misc,N/A,,,
a5484d57-5f73-45ab-b48a-2f96352b6f12,,Cover Test,,,Misc,N/A,,,
056b610b-0d7c-4eaa-9216-dbc01a08d754,,Eye turned inward,Eye turned inward,,Misc,N/A,,,
0cee1064-72db-4524-a34b-b6632266a1d6,,Eye turned outward,Eye turned outward,,Misc,N/A,,,
1214efa6-5dce-492e-a5e7-9e1ee88bc16b,,Eye turned upward,Eye turned upward,,Misc,N/A,,,
f97c8600-cea4-491f-9798-a49fd398140d,,Eye turned downward,Eye turned downward,,Misc,N/A,,,
ca6ac590-67b2-11ef-b38f-325096b39f47,,"Left Eye, Hirchberg Test",Left Eye,,Question,Coded,Normal;Eye turned outward;Eye turned upward;Eye turned downward,,
ca6ac810-67b2-11ef-b1e3-325096b39f47,,"Right Eye, Hirchberg Test",Right Eye,,Question,Coded,Normal;Eye turned outward;Eye turned upward;Eye turned downward,,
14366398-9500-4105-9a9f-947ea0cfa13a,,Hirchberg Test,Hirchberg Test,Detects strabismus,Misc,N/A,,,
95b59304-7d85-4fc0-8d02-a4f01495d993,,<10PD,<10PD,,Misc,N/A,,,
bccd7faf-b976-4816-a166-1ff2164dfc65,,>90PD,>90PD,,Misc,N/A,,,
cd2835f6-67b2-11ef-bbd6-325096b39f47,,"Left Eye, Krimsky Test",Left Eye,,Question,Coded,<10PD;10PD;15PD;20PD;25PD;30PD;35PD;40PD;45PD;50PD;55PD;60PD;65PD;70PD;75PD;80PD;85PD;90PD;>90PD,,
cd2838ee-67b2-11ef-8ddf-325096b39f47,,"Right Eye, Krimsky Test",Right Eye,,Question,Coded,<10PD;10PD;15PD;20PD;25PD;30PD;35PD;40PD;45PD;50PD;55PD;60PD;65PD;70PD;75PD;80PD;85PD;90PD;>90PD,,
ad35f0f8-cb47-4182-a498-f8c4e21eef2d,,Krimsky Test,Krimsky Test,Quantifies the degree of eye deviation,Misc,N/A,,,
d0be81e9-9fa6-4cca-a14f-2ca456e584c3,,<5CM,<5CM,,Misc,N/A,,,
a396cb04-3558-4fe4-ab7c-a051e9ef812b,,5.5CM,5.5CM,,Misc,N/A,,,
87180b18-f59f-458c-bfce-72662824db3d,,6CM,6CM,,Misc,N/A,,,
2afe2a1e-8e57-44cc-b459-b1302909901c,,6.5CM,6.5CM,,Misc,N/A,,,
5fd4c1af-4a78-4f61-80af-091502f64770,,7CM,7CM,,Misc,N/A,,,
64b460e1-c539-4a31-ada7-3d29580fb84e,,7.5CM,7.5CM,,Misc,N/A,,,
505e4e89-9936-441e-ab4a-3c676dd7469e,,8CM,8CM,,Misc,N/A,,,
39bed008-36bd-41d6-b23b-f2894b7669bf,,8.5CM,8.5CM,,Misc,N/A,,,
ca8cbd87-f14d-4d24-985f-87b0e8c3b980,,9CM,9CM,,Misc,N/A,,,
9e93d7a3-b0c3-4289-aab5-0cd8650688a3,,9.5CM,9.5CM,,Misc,N/A,,,
a7882478-6eeb-43d6-9ee1-141eeba35569,,10CM,10CM,,Misc,N/A,,,
25c92d54-4abf-4820-896f-816493304ee0,,10.5CM,10.5CM,,Misc,N/A,,,
a256461a-8530-4f00-b569-67cc54713e0e,,11CM,11CM,,Misc,N/A,,,
a78c0102-3e27-4ba1-8744-ec0cb2416222,,11.5CM,11.5CM,,Misc,N/A,,,
b1b140ce-233a-42ce-a396-541f1b7dbf24,,12CM,12CM,,Misc,N/A,,,
42a08eaf-8dfb-4b3c-8cf1-f1375d7c6a07,,12.5CM,12.5CM,,Misc,N/A,,,
1a2559f8-329a-4fa7-bae2-f48b134ae54d,,13CM,13CM,,Misc,N/A,,,
b19354f9-c022-4bb2-96ad-e3c152ea5354,,13.5CM,13.5CM,,Misc,N/A,,,
13733bb2-57d4-4b9c-9b89-71b6e51dd9f7,,14CM,14CM,,Misc,N/A,,,
fd70ea0f-0956-41c1-a020-ab516dc63869,,14.5CM,14.5CM,,Misc,N/A,,,
8cee96b0-d00c-4b6e-b860-8da3199a8ff3,,15CM,15CM,,Misc,N/A,,,
fcae79cf-0278-4033-929d-1ae6126bf612,,15.5CM,15.5CM,,Misc,N/A,,,
c8cd5eed-b537-4761-9c1d-42e8d7670fa0,,16CM,16CM,,Misc,N/A,,,
dd423999-096a-4b5f-babd-1d2cba365c48,,16.5CM,16.5CM,,Misc,N/A,,,
fcb3effa-3e32-4d63-94b4-c735ba986ef6,,17CM,17CM,,Misc,N/A,,,
137610eb-692e-46b9-a44a-414005e9d3ce,,17.5CM,17.5CM,,Misc,N/A,,,
50bfb5af-5a48-4cf0-8477-701531b74b6e,,18CM,18CM,,Misc,N/A,,,
3e0dc536-e3d4-4967-a2e9-b34fefb26f75,,18.5CM,18.5CM,,Misc,N/A,,,
ccf65a3f-9a88-465a-91f3-8541b5edce2a,,19CM,19CM,,Misc,N/A,,,
423da476-06e4-4f3c-ae17-066e8df62864,,19.5CM,19.5CM,,Misc,N/A,,,
ca0f131a-cae6-4080-a2b8-1897a07bad9d,,20CM,20CM,,Misc,N/A,,,
e16c89d7-07ae-40df-81d7-28a5d62d8d20,,20.5CM,20.5CM,,Misc,N/A,,,
da2e7399-02f4-4605-b735-8cec6ca72396,,21CM,21CM,,Misc,N/A,,,
8dd597a0-7ac9-4848-8add-9393a5aad548,,21.5CM,21.5CM,,Misc,N/A,,,
a81de248-f404-4078-a983-dfda46e2f5c6,,22CM,22CM,,Misc,N/A,,,
333aed78-7694-4544-9731-f92e04b95ceb,,22.5CM,22.5CM,,Misc,N/A,,,
20f73e77-4658-4561-a20f-e23c0044d7e9,,23CM,23CM,,Misc,N/A,,,
13760548-b77f-4432-ad50-d403f7bca1eb,,23.5CM,23.5CM,,Misc,N/A,,,
5476426f-cc5c-4a25-83bf-733b38cc8883,,24CM,24CM,,Misc,N/A,,,
82faa55d-8140-45b9-9f04-6231a41cc5f6,,24.5CM,24.5CM,,Misc,N/A,,,
5fdbd12b-2d63-488d-84c7-404daa3363a5,,25CM,25CM,,Misc,N/A,,,
0a9efd63-c522-4f97-b5c7-b46e672cc824,,>10CM,>10CM,,Misc,N/A,,,
25aff339-dba4-45be-8462-ce41baeebe5d,,NPC (Near point Convergence)Measurement,NPC (Near point Convergence)Measurement,Assesses the ability of the eyes to converge (move inward) when focusing on a near object,Question,Coded,<5.0;5.5;6.0,,
0ae1560e-7149-406e-992d-814a00dca64c,,"NPC (Near point convergence) Measurement, Break Point","NPC (Near point convergence) Measurement",,Question,Coded,<5CM;5.5CM;6CM;6.5CM;7CM;7.5CM;8CM;8.5CM;9CM;9.5CM;10CM;10.5CM;11CM;11.5CM;12CM;12.5CM;13CM;13.5CM;14CM;14.5CM;15CM;15.5CM;16CM;16.5CM;17CM;17.5CM;18CM;18.5CM;19CM;19.5CM;20CM;20.5CM;21CM;21.5CM;22CM;22.5CM;23CM;23.5CM;24CM;24.5CM;25CM,,
3820b0ac-12d3-43e5-bf70-1b483588d6b9,,"NPC (Near point convergence) Measurement, Recovery Point",NPC (Near point convergence) Measurement,,Question,Coded,<5CM;5.5CM;6CM;6.5CM;7CM;7.5CM;8CM;8.5CM;9CM;9.5CM;10CM;10.5CM;11CM;11.5CM;12CM;12.5CM;13CM;13.5CM;14CM;14.5CM;15CM;15.5CM;16CM;16.5CM;17CM;17.5CM;18CM;18.5CM;19CM;19.5CM;20CM;20.5CM;21CM;21.5CM;22CM;22.5CM;23CM;23.5CM;24CM;24.5CM;25CM,,
de9f40fd-6add-4bb1-bdc1-e53368d5e728,,26CM,26CM,,Misc,N/A,,,
a1100c22-91c9-4668-a28e-41575d3f3863,,27CM,27CM,,Misc,N/A,,,
09aab57e-9700-4f56-90d6-ddf9c745f319,,28CM,28CM,,Misc,N/A,,,
74e959e0-8d35-4b44-b81f-f110f35bcb7a,,29CM,29CM,,Misc,N/A,,,
29af08a1-a26b-445d-b0ff-98026f0236d3,,30CM,30CM,,Misc,N/A,,,
47e904b3-788c-4bf9-9872-5bbe4810024f,,31CM,31CM,,Misc,N/A,,,
b80cb6c1-4128-47c4-b046-3cd2eb5da042,,32CM,32CM,,Misc,N/A,,,
b5bc6d07-3de6-4206-9cd6-e742d0f4ed4c,,33CM,33CM,,Misc,N/A,,,
3259ab8a-ea51-4e73-83c0-33bd07aac505,,NPA (Near point accommodation)Measurement,NPA (Near point accommodation)Measurement,Measures the eye's ability to focus on a near object,Question,Coded,7CM;8CM;9CM;10CM;11CM;12CM;13CM;14CM;15CM;16CM;17CM;18CM;19CM;20CM;21CM;22CM;23CM;24CM;25CM;26CM;27CM;28CM;29CM;30CM;31CM;32CM;33CM,,
059a0239-e300-4835-a346-036933d19b77,,"NPA (Near point accommodation)Measurement, Right Eye","NPA (Near point accommodation)Measurement, Right Eye",Measures the eye's ability to focus on a near object,Question,Coded,7CM;8CM;9CM;10CM;11CM;12CM;13CM;14CM;15CM;16CM;17CM;18CM;19CM;20CM;21CM;22CM;23CM;24CM;25CM;26CM;27CM;28CM;29CM;30CM;31CM;32CM;33CM,,
e30dc9d6-ed18-4f96-9880-3d5b71237ae0,,"NPA (Near point accommodation)Measurement, Left Eye","NPA (Near point accommodation)Measurement, Left Eye",Measures the eye's ability to focus on a near object,Question,Coded,7CM;8CM;9CM;10CM;11CM;12CM;13CM;14CM;15CM;16CM;17CM;18CM;19CM;20CM;21CM;22CM;23CM;24CM;25CM;26CM;27CM;28CM;29CM;30CM;31CM;32CM;33CM,,
97d24343-b45f-49ac-b0b1-5d5d2cd86966,,"NPA (Near point accommodation)Measurement, Right Eye, Blurr point","NPA (Near point accommodation, Right Eye, Blurr point",,Question,Coded,7CM;8CM;9CM;10CM;11CM;12CM;13CM;14CM;15CM;16CM;17CM;18CM;19CM;20CM;21CM;22CM;23CM;24CM;25CM;26CM;27CM;28CM;29CM;30CM;31CM;32CM;33CM,,
3dadcc77-733e-48dc-9da1-6a486933d1d6,,"NPA (Near point accommodation)Measurement, Right Eye, Recovery point","NPA (Near point accommodation)Measurement, Right Eye, Recovery point",,Question,Coded,7CM;8CM;9CM;10CM;11CM;12CM;13CM;14CM;15CM;16CM;17CM;18CM;19CM;20CM;21CM;22CM;23CM;24CM;25CM;26CM;27CM;28CM;29CM;30CM;31CM;32CM;33CM,,
352ea836-a9ed-49c7-87a9-ac4a1e8a1ca1,,"NPA (Near point accommodation)Measurement, Left Eye, Blurr point","NPA (Near point accommodation)Measurement, Left Eye, Blurr point",,Question,Coded,7CM;8CM;9CM;10CM;11CM;12CM;13CM;14CM;15CM;16CM;17CM;18CM;19CM;20CM;21CM;22CM;23CM;24CM;25CM;26CM;27CM;28CM;29CM;30CM;31CM;32CM;33CM,,
2d5f3be6-0d47-47ec-bf47-a9b7dfeb2ece,,"NPA (Near point accommodation)Measurement, Left Eye, Recovery point","NPA (Near point accommodation)Measurement, Left Eye, Recovery point",,Question,Coded,7CM;8CM;9CM;10CM;11CM;12CM;13CM;14CM;15CM;16CM;17CM;18CM;19CM;20CM;21CM;22CM;23CM;24CM;25CM;26CM;27CM;28CM;29CM;30CM;31CM;32CM;33CM,,
198dadcc-67b3-11ef-a8da-325096b39f47,,-4,,,Misc,N/A,,,
198db07e-67b3-11ef-9737-325096b39f47,,-3,,,Misc,N/A,,,
198db132-67b3-11ef-a990-325096b39f47,,-2,,,Misc,N/A,,,
198db1be-67b3-11ef-9883-325096b39f47,,-1,,,Misc,N/A,,,
198db240-67b3-11ef-8d85-325096b39f47,,Full,,,Misc,N/A,,,
198db2c2-67b3-11ef-bd5d-325096b39f47,,1,,,Misc,N/A,,,
198db33a-67b3-11ef-9198-325096b39f47,,2,,,Misc,N/A,,,
198db3b2-67b3-11ef-9124-325096b39f47,,3,,,Misc,N/A,,,
198db42a-67b3-11ef-bc79-325096b39f47,,4,,,Misc,N/A,,,
198db4ac-67b3-11ef-be7b-325096b39f47,,"Left Eye, Top Left, Motility Test","Left Eye, Top Left",,Question,Coded,-4 ; -3 ; -2 ; -1 ; Full ; 1 ; 2 ; 3 ; 4,,
1dcb5c7c-67b3-11ef-bb59-325096b39f47,,"Left Eye, Left, Motility Test","Left Eye, Left",,Question,Coded,-4 ; -3 ; -2 ; -1 ; Full ; 1 ; 2 ; 3 ; 4,,
1dcb5f88-67b3-11ef-b628-325096b39f47,,"Left Eye, Bottom Left, Motility Test","Left Eye, Bottom Left",,Question,Coded,-4 ; -3 ; -2 ; -1 ; Full ; 1 ; 2 ; 3 ; 4,,
1dcb6032-67b3-11ef-b3eb-325096b39f47,,"Left Eye, Top Right, Motility Test","Left Eye, Top Right",,Question,Coded,-4 ; -3 ; -2 ; -1 ; Full ; 1 ; 2 ; 3 ; 4,,
1dcb60aa-67b3-11ef-a990-325096b39f47,,"Left Eye, Right, Motility Test","Left Eye, Right",,Question,Coded,-4 ; -3 ; -2 ; -1 ; Full ; 1 ; 2 ; 3 ; 4,,
1dcb6122-67b3-11ef-8669-325096b39f47,,"Left Eye, Bottom Right, Motility Test","Left Eye, Bottom Right",,Question,Coded,-4 ; -3 ; -2 ; -1 ; Full ; 1 ; 2 ; 3 ; 4,,
1dcb619a-67b3-11ef-8bd4-325096b39f47,,"Right Eye, Top Left, Motility Test","Right Eye, Top Left",,Question,Coded,-4 ; -3 ; -2 ; -1 ; Full ; 1 ; 2 ; 3 ; 4,,
1dcb6208-67b3-11ef-bb6c-325096b39f47,,"Right Eye, Left, Motility Test","Right Eye, Left",,Question,Coded,-4 ; -3 ; -2 ; -1 ; Full ; 1 ; 2 ; 3 ; 4,,
1dcb6276-67b3-11ef-9ed4-325096b39f47,,"Right Eye, Bottom Left, Motility Test","Right Eye, Bottom Left",,Question,Coded,-4 ; -3 ; -2 ; -1 ; Full ; 1 ; 2 ; 3 ; 4,,
1dcb62e4-67b3-11ef-8cea-325096b39f47,,"Right Eye, Top Right, Motility Test","Right Eye, Top Right",,Question,Coded,-4 ; -3 ; -2 ; -1 ; Full ; 1 ; 2 ; 3 ; 4,,
1dcb6352-67b3-11ef-8145-325096b39f47,,"Right Eye, Right, Motility Test","Right Eye, Right",,Question,Coded,-4 ; -3 ; -2 ; -1 ; Full ; 1 ; 2 ; 3 ; 4,,
21877198-67b3-11ef-9d0a-325096b39f47,,"Right Eye, Bottom Right, Motility Test","Right Eye, Bottom Right",,Question,Coded,-4 ; -3 ; -2 ; -1 ; Full ; 1 ; 2 ; 3 ; 4,,
2187738c-67b3-11ef-9b22-325096b39f47,,"Left Eye, Motility Test",Left Eye,,Misc,N/A,,,
218773fa-67b3-11ef-9649-325096b39f47,,"Right Eye, Motility Test",Right Eye,,Misc,N/A,,,
b175552c-e418-4058-87cb-4c698adbdd30,,Motility Test,Motility Test,Assesses the full range of eye movements in all directions,Misc,N/A,,,
dd854172-d6f0-484d-b773-2ee2696b24fe,,Test of Pupillary Function,Test of Pupillary Function,Evaluates the reaction of the pupils to light and accommodation,Misc,N/A,,,
07b63754-b2dc-4bd9-b876-eb1f0e6cf1c9,,"Anisocoria, Corneal Light Reflex Test, Left Eye",Anisocoria,Anisocoria refers to a condition where the pupils of the eyes are of unequal size,Question,Coded,Present;Absent,,
547efe61-6ff4-4cf5-b340-4f5217e01fe8,,"Heterochromia, Left Eye",Heterochromia,Heterochromia is a condition where the irises of the two eyes are of different colors,Question,Coded,Sectorial;Complete;Absent,,
f19ddd13-e562-4f3c-97b7-25aefef6cd75,,"Direct light reflex, Left Eye",Direct light reflex,The direct light reflex refers to the constriction of the pupil when light is shone directly into the eye,Question,Coded,Present;Absent,,
0b2407c2-3616-4f87-b168-4ee52ce8e3ef,,"Indirect light reflex, Left Eye",Indirect light reflex,"The indirect light reflex, or consensual light reflex, occurs when shining a light into one eye causes constriction of the pupil in the opposite eye",Question,Coded,Normal;Abnormal,,
43b31a68-0fc4-45f8-a3cf-2bf6f5a71e61,,Indirect light reflex left eye details,Inderect light reflex details,Inderect light reflex details,Question,Text,,,
5ef641ee-fde8-4352-a44e-a4c5f75d66b1,,Indirect light reflex right eye details,Inderect light reflex details,Inderect light reflex details,Question,Text,,,
58bcc457-6e88-42e4-8fbc-94da98a2b784,,"Swinging flash, Left Eye",Swinging flash,"The swinging flashlight test is used to detect a relative afferent pupillary defect (RAPD), which indicates asymmetry in the afferent pathways of the optic nerve",Question,Boolean,,,
7a7bc8e3-428c-4e2f-b441-4386e59ff4d3,,Swinging flashlight left eye test details,Swinging flashlight test details,Swinging flashlight test details,Question,Text,,,
ba1f22e4-a053-44d6-baa4-0f8ff9ecbe4c,,Swinging flashlight right eye test details,Swinging flashlight test details,Swinging flashlight test details,Question,Text,,,
e4890914-4d35-4e8a-a034-c75a36e7b815,,"Accommodation and near reflex, Left Eye",Accommodation and near reflex,"The accommodation reflex (or near reflex) involves the pupils constricting, the lenses thickening, and the eyes converging when focusing on a near object",Question,Coded,Normal;Abnormal,,
c46e51a2-399f-4cf6-b529-a237ce834921,,Accommodation and near reflex left eye details,Accommodation and near reflex details,Accommodation and near reflex details,Question,Text,,,
d6c7cc30-a27b-4f82-93be-4a9bf5cd7cf7,,Accommodation and near reflex right eye details,Accommodation and near reflex details,Accommodation and near reflex details,Question,Text,,,
2e1a1c3a-6f55-11ef-8b5a-325096b39f47,,"Anisocoria, Corneal Light Reflex Test, Right Eye",Anisocoria,Anisocoria refers to a condition where the pupils of the eyes are of unequal size,Question,Coded,Present;Absent,,
2e1a188a-6f55-11ef-a41e-325096b39f47,,"Anisocoria, Corneal Light Reflex Test, , Right Eye",Anisocoria,Anisocoria refers to a condition where the pupils of the eyes are of unequal size,Question,Coded,Present;Absent,,
2e1a1a6a-6f55-11ef-8b5a-325096b39f47,,"Heterochromia, Right Eye",Heterochromia,Heterochromia is a condition where the irises of the two eyes are of different colors,Question,Coded,Sectorial;Complete;Absent,,
2e1a1ae2-6f55-11ef-a269-325096b39f47,,"Direct light reflex, Right Eye",Direct light reflex,The direct light reflex refers to the constriction of the pupil when light is shone directly into the eye,Question,Coded,Present;Absent,,
2e1a1b32-6f55-11ef-bf1f-325096b39f47,,"Indirect light reflex, Right Eye",Indirect light reflex,"The indirect light reflex, or consensual light reflex, occurs when shining a light into one eye causes constriction of the pupil in the opposite eye",Question,Coded,Normal;Abnormal,,
2e1a1b82-6f55-11ef-8451-325096b39f47,,"Swinging flash, Right Eye",Swinging flash,"The swinging flashlight test is used to detect a relative afferent pupillary defect (RAPD), which indicates asymmetry in the afferent pathways of the optic nerve",Question,Boolean,,,
2e1a1bc8-6f55-11ef-b5ae-325096b39f47,,"Accommodation and near reflex, Right Eye",Accommodation and near reflex,"The accommodation reflex (or near reflex) involves the pupils constricting, the lenses thickening, and the eyes converging when focusing on a near object",Question,Coded,Normal;Abnormal,,
778c9b63-425f-4258-b165-cf83198dd3d9,,Stereopsis Test,Stereopsis Test,Assesses depth perception and binocular vision,Question,Text,,,
df2aaefa-6f55-11ef-924a-325096b39f47,,1200 seconds,,,Misc,N/A,,,
df2ab184-6f55-11ef-a2a2-325096b39f47,,1000 seconds,,,Misc,N/A,,,
df2ab6f2-6f55-11ef-96e7-325096b39f47,,800 seconds,,,Misc,N/A,,,
df2ab79c-6f55-11ef-a3ce-325096b39f47,,400 seconds,,,Misc,N/A,,,
df2ab828-6f55-11ef-95ae-325096b39f47,,200 seconds,,,Misc,N/A,,,
df2ab8a0-6f55-11ef-837a-325096b39f47,,140 seconds,,,Misc,N/A,,,
df2ab90e-6f55-11ef-87d2-325096b39f47,,100 seconds,,,Misc,N/A,,,
df2ab97c-6f55-11ef-98c0-325096b39f47,,80 seconds,,,Misc,N/A,,,
df2ab9ea-6f55-11ef-98a8-325096b39f47,,60 seconds,,,Misc,N/A,,,
df2aba62-6f55-11ef-8280-325096b39f47,,50 seconds,,,Misc,N/A,,,
df2abad0-6f55-11ef-ba1c-325096b39f47,,40 seconds,,,Misc,N/A,,,
df2abb5c-6f55-11ef-b368-325096b39f47,,20 seconds,,,Misc,N/A,,,
df2abbde-6f55-11ef-942d-325096b39f47,,15 seconds,,,Misc,N/A,,,
836cf17d-24bd-4be2-aa47-db08192652ae,,Titmus stereo test,Titmus stereo test,,Question,Coded,1200 seconds;1000 seconds;800 seconds;400 seconds;200 seconds;140 seconds;100 seconds;80 seconds;60 seconds;50 seconds;40 seconds;20 seconds;15 seconds,,
9c71ae13-ddcd-499e-9ebe-eb238d0e015a,,TNO stereo test,TNO stereo test,,Question,Coded,1200 seconds;1000 seconds;800 seconds;400 seconds;200 seconds;140 seconds;100 seconds;80 seconds;60 seconds;50 seconds;40 seconds;20 seconds;15 seconds,,
3a81064a-ea8a-4829-aa17-e597efa7ac0d,,Lang stereo test,Lang stereo test,,Question,Coded,1200 seconds;1000 seconds;800 seconds;400 seconds;200 seconds;140 seconds;100 seconds;80 seconds;60 seconds;50 seconds;40 seconds;20 seconds;15 seconds,,
0cecb53b-82e1-4785-a7ad-4a6bf9df42ee,,Random Dot stereo test,Random Dot,,Question,Coded,1200 seconds;1000 seconds;800 seconds;400 seconds;200 seconds;140 seconds;100 seconds;80 seconds;60 seconds;50 seconds;40 seconds;20 seconds;15 seconds,,
08d49a8d-b682-40bc-85d1-1e9acebae2dc,,Frisby stereo test,Frisby stereo test,,Question,Coded,1200 seconds;1000 seconds;800 seconds;400 seconds;200 seconds;140 seconds;100 seconds;80 seconds;60 seconds;50 seconds;40 seconds;20 seconds;15 seconds,,
2a1593bc-df75-4efe-bec3-fc8bd1667ebe,,"Other, Depth Perception ",Other,,Question,Text,,,
275b99aa-67b3-11ef-aaee-325096b39f47,,Four lights,Four lights,,Misc,N/A,,,
275b9bd0-67b3-11ef-8e19-325096b39f47,,Two lights,Two lights,,Misc,N/A,,,
275b9c5c-67b3-11ef-bb12-325096b39f47,,Three lights,Three lights,,Misc,N/A,,,
275b9cca-67b3-11ef-a69b-325096b39f47,,Five lights,Five lights,,Misc,N/A,,,
275b9d38-67b3-11ef-85cd-325096b39f47,,"Near, Worth 4 dot Test",Near,,Question,Coded,Four lights ; Two lights ; Three lights ; Five lights,,
275b9d9c-67b3-11ef-bf55-325096b39f47,,"Far, Worth 4 dot Test",Far,,Question,Coded,Four lights ; Two lights ; Three lights ; Five lights,,
22b7d8b9-4d84-48f9-bc83-b80874ab2025,,Worth 4 dot Test,Worth 4 dot Test,Assesses binocular vision and detect suppression or abnormal retinal correspondence,Misc,N/A,,,
2bca8d48-67b3-11ef-86b2-325096b39f47,,Chart 1,,,Misc,N/A,,,
2bca8fd2-67b3-11ef-92e5-325096b39f47,,Chart 2,,,Misc,N/A,,,
2bca9072-67b3-11ef-a2ea-325096b39f47,,Chart 3,,,Misc,N/A,,,
2bca90cc-67b3-11ef-9553-325096b39f47,,Chart 4,,,Misc,N/A,,,
2bca911c-67b3-11ef-90b1-325096b39f47,,Chart 5,,,Misc,N/A,,,
2bca9162-67b3-11ef-9fe2-325096b39f47,,Chart 6,,,Misc,N/A,,,
2bca91a8-67b3-11ef-8b6e-325096b39f47,,Chart 7,,,Misc,N/A,,,
2bca91ee-67b3-11ef-853b-325096b39f47,,Wavy lines,,,Misc,N/A,,,
2bca922a-67b3-11ef-bd76-325096b39f47,,Faint lines,,,Misc,N/A,,,
2bca9270-67b3-11ef-a2eb-325096b39f47,,Missed borders,,,Misc,N/A,,,
2bca92b6-67b3-11ef-91f7-325096b39f47,,Block spot,,,Misc,N/A,,,
2bca92f2-67b3-11ef-8ab5-325096b39f47,,Blurred,,,Misc,N/A,,,
2bca9338-67b3-11ef-aaf6-325096b39f47,,"Left Eye, Type Of Chart, Amsler grid Test",Type of Chart,,Question,Coded,Chart 1 ; Chart 2 ; Chart 3 ; Chart 4 ; Chart 5 ; Chart 6 ; Chart 7,,
2bca9374-67b3-11ef-9aeb-325096b39f47,,"Left Eye, Result, Amsler grid Test",Result,,Question,Coded,Normal ; Wavy lines ; Faint lines ; Missed borders ; Block spot ; Blurred,,
b79b2738-f2a8-468d-89ad-a56fb4b2937d,,"Left Eye, Other, Amsler grid Test",Other,,Question,Text,,,
2bca93ba-67b3-11ef-9618-325096b39f47,,"Left Eye, Amsler grid Test",,,Question,Coded,Normal ; Abnormal,,
2f68eb84-67b3-11ef-9730-325096b39f47,,"Right Eye, Type Of Chart, Amsler grid Test",Type of Chart,,Question,Coded,Chart 1 ; Chart 2 ; Chart 3 ; Chart 4 ; Chart 5 ; Chart 6 ; Chart 7,,
2f68ed96-67b3-11ef-bed3-325096b39f47,,"Right Eye, Result, Amsler grid Test",Result,,Question,Coded,Normal ; Wavy lines ; Faint lines ; Missed borders ; Block spot ; Blurred,,
c8e74b43-2ffb-441f-b606-8502dfd5627d,,"Right Eye, Other, Amsler grid Test",Other,,Question,Text,,,
2f68ee04-67b3-11ef-86fa-325096b39f47,,"Right Eye, Amsler grid Test",,,Question,Coded,Normal ; Abnormal,,
b5bd8efe-9dfc-4a3d-9e5b-8c883be96ad9,,Amsler grid Test,Amsler grid Test,Detects macular or central visual field defects,Misc,N/A,,,
348d9c54-67b3-11ef-83f6-325096b39f47,,Ishihara Test,,,Misc,N/A,,,
348d9f56-67b3-11ef-aee7-325096b39f47,,Plate Test,,,Misc,N/A,,,
348d9ff6-67b3-11ef-a3f1-325096b39f47,,Farnsworth-Munsell 100,,,Misc,N/A,,,
348da06e-67b3-11ef-a5fd-325096b39f47,,Farnsworth Lantern Test,,,Misc,N/A,,,
a530199e-c673-4fe7-9116-23a44d5a1318,,Farnsworth D-15 Test,,,Misc,N/A,,,
e3b5dacb-1732-4514-b433-bd3186abf3df,,Protanomaly,,,Misc,N/A,,,
6d1bf3de-47ca-4bb0-aa61-f9a992c9816d,,Deuteranomaly,,,Misc,N/A,,,
cc74ba77-58b0-442a-8e2e-e800780d2272,,Tritanomaly,,,Misc,N/A,,,
8e7890c2-bb8d-4217-a265-b44839cf5397,,Protanopia,,,Misc,N/A,,,
25ce41d7-9709-4f52-a9ad-2e6e6ec3c0b6,,Deuteranopia,,,Misc,N/A,,,
348da0dc-67b3-11ef-a4bf-325096b39f47,,"Other, Type of Colour Vision Test",,,Misc,N/A,,,
348da140-67b3-11ef-87b6-325096b39f47,,Type Of Colour Vision Test,Type,,Question,Coded,"Ishihara Test;Plate Test;Farnsworth-Munsell 100;Farnsworth Lantern Test;Farnsworth D-15 Test;Other, Type of Colour Vision Test",,
348da1ae-67b3-11ef-b475-325096b39f47,,Result of Colour Vision Test,Result,,Question,Coded,Normal;Protanomaly;Deuteranomaly;Tritanomaly;Deuteranopia;Tritanopia,,
8d3103c3-ac38-4d30-8c29-619ff0eb6823,,Color Vision Test,Color Vision Test,Assesses the ability to perceive colors accurately,Misc,N/A,,,
398729d2-67b3-11ef-8c72-325096b39f47,,"Left Eye, Top, Gonioscopy Evaluation","Left Eye, Top",,Question,Text,,,
39872bda-67b3-11ef-8894-325096b39f47,,"Left Eye, Bottom, Gonioscopy Evaluation","Left Eye, Bottom",,Question,Text,,,
39872c52-67b3-11ef-82ba-325096b39f47,,"Left Eye, Left, Gonioscopy Evaluation","Left Eye, Left",,Question,Text,,,
39872ca2-67b3-11ef-b0bd-325096b39f47,,"Left Eye, Right, Gonioscopy Evaluation","Left Eye, Right",,Question,Text,,,
39872ce8-67b3-11ef-8827-325096b39f47,,"Right Eye, Top, Gonioscopy Evaluation","Right Eye, Top",,Question,Text,,,
39872d2e-67b3-11ef-89c2-325096b39f47,,"Right Eye, Bottom, Gonioscopy Evaluation","Right Eye, Bottom",,Question,Text,,,
39872d74-67b3-11ef-90e3-325096b39f47,,"Right Eye, Left, Gonioscopy Evaluation","Right Eye, Left",,Question,Text,,,
39872dba-67b3-11ef-85db-325096b39f47,,"Right Eye, Right, Gonioscopy Evaluation","Right Eye, Right",,Question,Text,,,
39872df6-67b3-11ef-9d13-325096b39f47,,"Left Eye, Gonioscopy Evaluation",,,Misc,N/A,,,
39872e3c-67b3-11ef-bf1a-325096b39f47,,"Right Eye, Gonioscopy Evaluation",,,Misc,N/A,,,
c533c61f-73c5-4186-b9a6-d4b7e69ffd9b,,Gonioscopy Evaluation,Gonioscopy Evaluation,Examines the angle of the anterior chamber of the eye,Misc,N/A,,,
41d19906-67b3-11ef-adb5-325096b39f47,,Periocular oedema,,,Misc,N/A,,,
41d19974-67b3-11ef-8639-325096b39f47,,Skin discoloration,,,Misc,N/A,,,
41d199c4-67b3-11ef-b3a8-325096b39f47,,Ptosis,,,Misc,N/A,,,
41d19a14-67b3-11ef-87c9-325096b39f47,,Chemosis of the conjunctiva and epibulbar injection,,,Misc,N/A,,,
118536AAAAAAAAAAAAAAAAAAAAAAAAAAAAAA,,Erythema,,,Misc,N/A,,,
1834b485-637a-4e0b-ad7f-a45cd3ab2dc8,,Within Normal Limits,,,Misc,N/A,,,
41d19a5a-67b3-11ef-bc81-325096b39f47,,"Left Eye, Soft tissue of eyelid, Proptosis Evaluation",,,Question,Coded,Within Normal Limits ; Periocular oedema ; Erythema ; Nodule ; Skin discoloration ; Ptosis ; chemosis of the conjunctiva and epibulbar injection ; Other non-coded,,
41d19aaa-67b3-11ef-9cd8-325096b39f47,,Axial,,,Misc,N/A,,,
41d19ae6-67b3-11ef-8f6c-325096b39f47,,Coronal,,,Misc,N/A,,,
41d19b2c-67b3-11ef-9837-325096b39f47,,Horizontal,,,Misc,N/A,,,
41d19b7c-67b3-11ef-8d87-325096b39f47,,"Left Eye, Direction of proptosis, Proptosis Evaluation",,,Question,Coded,Axial ; Coronal ; Horizontal,,
41d19bc2-67b3-11ef-8123-325096b39f47,,<20mm,,,Misc,N/A,,,
41d19bfe-67b3-11ef-aa8b-325096b39f47,,20mm,,,Misc,N/A,,,
41d19c44-67b3-11ef-ac5c-325096b39f47,,>20mm,,,Misc,N/A,,,
2e701071-78f9-4f56-9136-9836260af2af,,1mm,,,Misc,N/A,,,
387897cd-cac2-48db-953b-d2c8b5a6bb2f,,2mm,,,Misc,N/A,,,
fe598389-664b-48fb-a51f-54e6ac1dc952,,3mm,,,Misc,N/A,,,
1fcb0e49-871d-4b5d-9a3b-3e3e991c0f10,,4mm,,,Misc,N/A,,,
9d95d280-ad15-4cb3-a272-cec3b37b6843,,5mm,,,Misc,N/A,,,
e1b05270-268f-48e4-b065-ce0e05a22923,,6mm,,,Misc,N/A,,,
0dec8589-bca3-4601-86b0-01c18eaf2f36,,7mm,,,Misc,N/A,,,
605a66ce-662c-4653-babd-efb6da47118e,,8mm,,,Misc,N/A,,,
e0ff04fa-8a42-40af-8cdd-e90581e7a867,,9mm,,,Misc,N/A,,,
c99a5a48-5878-40ca-b76b-0e2d31007a31,,10mm,,,Misc,N/A,,,
83685785-21ba-4ed3-9ff5-635a68977839,,11mm,,,Misc,N/A,,,
0136c242-05f3-47cc-bf73-a24db5c6028b,,12mm,,,Misc,N/A,,,
b178010b-4b18-4ab0-b180-b02638bca7ff,,13mm,,,Misc,N/A,,,
83e2db54-edc2-43d6-a1b2-4a62c5dd8d40,,14mm,,,Misc,N/A,,,
64e95644-3a04-47a6-ad6e-02968eab7f3d,,15mm,,,Misc,N/A,,,
b1ecc3da-f911-4036-84d8-912ad0c7eb19,,16mm,,,Misc,N/A,,,
b9a0a51c-a9d0-4c85-9767-de36cc44751e,,17mm,,,Misc,N/A,,,
b8afeeb6-39e3-4d7d-b335-052e6b4136fa,,18mm,,,Misc,N/A,,,
ba132757-8e5e-4bf5-abc1-7b60841c04df,,19mm,,,Misc,N/A,,,
f3e0b2d6-7a25-412a-a6d1-31ae87d16f78,,21mm,,,Misc,N/A,,,
2898933a-22ed-4b03-9b1d-021cb3d8fbcf,,22mm,,,Misc,N/A,,,
99730567-9d72-458e-9653-9933b33d22ae,,23mm,,,Misc,N/A,,,
d31abe0e-b946-454e-b1db-36af21681598,,24mm,,,Misc,N/A,,,
13255ddd-57d2-4ab5-a5cc-4e8c4d5bc67d,,25mm,,,Misc,N/A,,,
385b0c90-9220-4035-83a5-a4c65fd59a50,,26mm,,,Misc,N/A,,,
b2b245d8-7bcf-4f20-a310-7af1edee7ab8,,27mm,,,Misc,N/A,,,
7fbd4b93-96ab-4827-ad46-af4a260c0b1e,,28mm,,,Misc,N/A,,,
cc589313-74c8-4a19-a37a-da7a0cdd66c2,,29mm,,,Misc,N/A,,,
4ac0b2bb-3b44-47d5-871a-12d9c28c2b1c,,30mm,,,Misc,N/A,,,
ab55dd1b-5c6d-4ffb-b491-b4a6eca4ea5f,,31mm,,,Misc,N/A,,,
2bcb58a0-4d3c-4e48-a52d-fd35449b3c38,,32mm,,,Misc,N/A,,,
43ff57a7-e1eb-4789-a706-f0c58ce852eb,,33mm,,,Misc,N/A,,,
c0db3b69-2a71-4d9e-99c2-35ed1d374ba2,,34mm,,,Misc,N/A,,,
d796f246-0ed5-497c-ad5e-7f490269f5d6,,35mm,,,Misc,N/A,,,
d3b0663e-f4c1-4572-a4fa-1221cc99c07b,,36mm,,,Misc,N/A,,,
2d8cc68f-b093-41ef-85b0-bcd1292e9fd3,,37mm,,,Misc,N/A,,,
6db2dfd2-5f39-4239-97fb-6e115c1ff934,,38mm,,,Misc,N/A,,,
afa647bd-8415-4e5e-8e3b-4ddb337073c7,,39mm,,,Misc,N/A,,,
03889c95-c19a-46c6-aec5-f68b3a2ebe09,,40mm,,,Misc,N/A,,,
41d19c8a-67b3-11ef-8991-325096b39f47,,"Left Eye, Exophthalmometry Test, Proptosis Evaluation","Left Eye, Exophthalmometry Test",,Question,Coded,1mm; 2mm; 3mm; 4mm; 5mm; 6mm; 7mm; 8mm; 9mm; 10mm; 11mm; 12mm; 13mm; 14mm; 15mm; 16mm; 17mm; 18mm; 19mm; 20mm; 21mm; 22mm; 23mm; 24mm; 25mm; 26mm; 27mm; 28mm; 29mm; 30mm; 31mm; 32mm; 33mm; 34mm; 35mm; 36mm; 37mm; 38mm; 39mm; 40mm,,
4c366a79-cd68-4890-8303-4dfcbda972df,,Restricted,,,Misc,N/A,,,
41d19cd0-67b3-11ef-a361-325096b39f47,,"Left Eye, Forced duction test, Proptosis Evaluation","Left Eye, Forced duction test",,Question,Coded,Normal ; Restricted,,
41d19d0c-67b3-11ef-8f5c-325096b39f47,,"Left Eye, Other finding, Proptosis Evaluation","Left Eye, Other finding",,Question,Text,,,
41d19d52-67b3-11ef-a741-325096b39f47,,"Right Eye, Soft tissue of eyelid, Proptosis Evaluation","Right Eye, Soft tissue of eyelid",,Question,Coded,Within Normal Limits ; Periocular oedema ; Erythema ; Nodule ; Skin discoloration ; Ptosis ; chemosis of the conjunctiva and epibulbar injection ; Other non-coded,,
41d19d98-67b3-11ef-b36d-325096b39f47,,"Right Eye, Direction of proptosis, Proptosis Evaluation","Right Eye, Direction of proptosis",,Question,Coded,Axial ; Coronal ; Horizontal,,
41d19dde-67b3-11ef-88df-325096b39f47,,"Right Eye, Exophthalmometry Test, Proptosis Evaluation","Right Eye, Exophthalmometry Test",,Question,Coded,1mm ; 2mm ; 3mm ; 4mm ; 5mm ; 6mm ; 7mm ; 8mm ; 9mm ; 10mm ; 11mm ; 12mm ; 13mm ; 14mm ; 15mm ; 16mm ; 17mm ; 18mm ; 19mm ; 20mm ; 21mm ; 22mm ; 23mm ; 24mm ; 25mm ; 26mm ; 27mm ; 28mm ; 29mm ; 30mm ; 31mm ; 32mm ; 33mm ; 34mm ; 35mm ; 36mm ; 37mm ; 38mm ; 39mm ; 40mm,,
41d19e24-67b3-11ef-94c0-325096b39f47,,"Right Eye, Forced duction test, Proptosis Evaluation","Right Eye, Forced duction test",,Question,Coded,Normal ; Restricted,,
44ec96fe-67b3-11ef-84ab-325096b39f47,,"Right Eye, Other finding, Proptosis Evaluation","Right Eye, Other finding",,Question,Text,,,
44ec996a-67b3-11ef-a70a-325096b39f47,,"Left Eye, Proptosis Evaluation",,,Misc,N/A,,,
44ec9a1e-67b3-11ef-83ee-325096b39f47,,"Right Eye, Proptosis Evaluation",,,Misc,N/A,,,
e7975f38-8c4e-47f9-850c-e52102dc8be8,,Proptosis Evaluation,Proptosis Evaluation,Measures the forward protrusion of the eye,Question,Text,,,
76527AAAAAAAAAAAAAAAAAAAAAAAAAAAAAAA,,Fluorescein,,,Misc,N/A,,,
48faef20-67b3-11ef-97c9-325096b39f47,,Lissamine green ,,,Misc,N/A,,,
48faefb6-67b3-11ef-af9c-325096b39f47,,Rose bengas,,,Misc,N/A,,,
48faf024-67b3-11ef-b15c-325096b39f47,,Type of Staining Used,,,Question,Coded,Fluorescein ; Lissamine green ; Rose bengas,,
48faf07e-67b3-11ef-8d42-325096b39f47,,Missing epithelial cells,,,Misc,N/A,,,
48faf0e2-67b3-11ef-b18d-325096b39f47,,"Left Eye, Appearance, Tearfilm Evaluation ",,,Question,Coded,Normal ; Missing epithelial cells,,
48faf13c-67b3-11ef-857d-325096b39f47,,Normal (>8-10 seconds),,,Misc,N/A,,,
48faf196-67b3-11ef-bd6c-325096b39f47,,Abnormal (<8 seconds),,,Misc,N/A,,,
48faf1f0-67b3-11ef-b074-325096b39f47,,"Left Eye, Tear break up time, Tearfilm Evaluation ",,,Question,Coded,Normal (>8-10 seconds) ; Abnormal (<8 seconds),,
48faf24a-67b3-11ef-b69e-325096b39f47,,>10mm (normal),,,Misc,N/A,,,
75b3fdc2-67b3-11ef-b950-325096b39f47,,<10mm (abnormal),,,Misc,N/A,,,
75b3ffb6-67b3-11ef-8900-325096b39f47,,"Left Eye, Schirmer 1 Test, Tearfilm Evaluation ","Left Eye, Schirmer 1 Test",,Question,Coded,>10mm (normal) ; <10mm (abnormal),,
75b4002e-67b3-11ef-a939-325096b39f47,,"Left Eye, Schirmer 2 Test, Tearfilm Evaluation ","Left Eye, Schirmer 2 Test",,Question,Coded,>10mm (normal) ; <10mm (abnormal),,
c0ec625c-f212-4104-a513-00e577f9e59c,,"Left Eye, Other, Tearfilm Evaluation",,,Question,Text,,,
75b4007e-67b3-11ef-bd2d-325096b39f47,,"Right Eye, Appearance, Tearfilm Evaluation ","Right Eye, Appearance",,Question,Coded,Normal ; Missing epithelial cells,,
75b400c4-67b3-11ef-9ba8-325096b39f47,,"Right Eye, Tear break up time, Tearfilm Evaluation ","Right Eye, Tear break up time",,Question,Coded,Normal (>8-10 seconds) ; Abnormal (<8 seconds),,
75b4010a-67b3-11ef-8adb-325096b39f47,,"Right Eye, Schirmer 1 Test, Tearfilm Evaluation ","Right Eye, Schirmer 1 Test",,Question,Coded,>10mm (normal) ; <10mm (abnormal),,
75b40150-67b3-11ef-a1fd-325096b39f47,,"Right Eye, Schirmer 2 Test, Tearfilm Evaluation ","Right Eye, Schirmer 2 Test",,Question,Coded,>10mm (normal) ; <10mm (abnormal),,
f88ce34d-5c9f-43fa-95f9-6a14d14e9456,,"Right Eye, Other, Tearfilm Evaluation",,,Question,Text,,,
7878319a-67b3-11ef-a41b-325096b39f47,,"Left Eye, Tearfilm Evaluation",,,Misc,N/A,,,
78783456-67b3-11ef-af3c-325096b39f47,,"Right Eye, Tearfilm Evaluation",,,Misc,N/A,,,
84596cd9-44a3-41ef-aaa2-046a9157d949,,Tearfilm Evaluation,Tearfilm Evaluation,Assesses the quality and quantity of the tear film,Misc,N/A,,,
ea6fce75-7e9b-4736-8d57-eccd567fca66,,Ptosis Evaluation,Ptosis Evaluation,Assesses the position of the upper eyelid,Question,Coded,,,
064269ac-7fe7-424b-ac32-b89b5a523477,,Mydriasis,Mydriasis,,Misc,N/A,,,
6c5eb019-ce78-4ac0-bddf-5b4623968dd8,,"Left Eye, Pupillary light reflex",Pupillary light reflex,The test assesses pupils reaction to light,Question,Coded,Normal;Anisocoria;Mydriasis,,
427ddf9e-f98e-416e-9b8c-e4f738fc933f,,"Left Eye, Upper eye lid crease",Upper eye lid crease,The position and symmetry of the upper eyelid crease to determine function of levator muscle,Question,Coded,Normal;Absent;High,,
28ef299e-2164-4477-8ab3-5b556d2969df,,2mm drop,2mm drop,,Misc,N/A,,,
1d0ac13d-829e-452f-bfc8-d886a6abfa05,,3mm drop,3mm drop,,Misc,N/A,,,
9de6b9dc-eaa6-4499-b604-fa65fd3b22f1,,4mm drop,4mm drop,,Misc,N/A,,,
964ed0bd-cde8-4ca4-8e89-d222f9341384,,"Left Eye, Marginal reflex distance",Marginal reflex distance,MRD measures the distance between the corneal light reflex and the margin of the upper eyelid,Question,Coded,Normal;2mm drop;3mm drop;4mm drop,,
560d9835-be26-4bff-b7f4-d8821b0981bd,,>15mm,>15mm,,Misc,N/A,,,
2ff44d58-74ba-4e77-8b3c-fb57cc596a39,,12-14mm,12-14mm,,Misc,N/A,,,
6e3dca2f-253b-4278-bec0-fcadb0599343,,5-11mm,5-11mm,,Misc,N/A,,,
88c662a4-9a05-4d3e-8c6e-eb681267e301,,<4mm,<4mm,,Misc,N/A,,,
c7e3d6c2-0c5e-409f-bf02-3ea94041e94f,,"Left Eye, Palpebral Fissure distance",Palpebral Fissure distance,This is the distance between the upper and lower eyelids when the eyes are open,Question,Coded,>15mm;12-14mm;5-11mm;<4mm,,
751182de-fe8a-4ec7-ad8e-aa08827c935c,,"Left Eye, Levator function Test",Levator function Test,This test measures the function of the levator muscle by determining the amount of upper eyelid movement from downgaze to upgaze,Question,Coded,>15mm;12-14mm;5-11mm;<4mm,,
02189d39-4584-4d48-85f8-5b732843c977,,"Left Eye, Extraocular motility",Extraocular motility,This evaluation checks the movement of the eyes in all directions,Question,Coded,Normal;Abnormal,,
1bcf6205-028e-40fc-a501-8b20782b2899,,"Left Eye, Other, Ptosis Evaluation",Other,Any other test that ophthalmologist might perform,Question,Text,,,
30323f75-28b0-4d74-8ec4-a8dc7af0f61b,,No Rise in MRD,No Rise in MRD,,Misc,N/A,,,
055d7a1e-fa05-48ac-a41c-d8e05050458e,,Rise in MRD 1.5mm,Rise in MRD 1.5mm,,Misc,N/A,,,
46c0abd0-9738-45ce-b4e9-03313be3c71e,,"Left Eye, Phenyl Ephrine Test",Phenyl Ephrine Test,"This test involves instilling phenylephrine drops into the eye to temporarily elevate the eyelid. It helps in diagnosing the type of ptosis and predicting the surgical outcome by assessing the response of the Müller's muscle, which can contribute to eyelid elevation",Question,Coded,No Rise in MRD;Rise in MRD 1.5mm,,
62296c4b-8cea-4487-968f-fb5a843d1447,,"Right Eye, Pupillary light reflex",Pupillary light reflex,The test assesses pupils reaction to light,Question,Coded,Normal;Anisocoria;Mydriasis,,
9f1c76ab-33c2-4b3a-8be7-a533411812f1,,"Right Eye, Upper eye lid crease",Upper eye lid crease,The position and symmetry of the upper eyelid crease to determine function of levator muscle,Question,Coded,Normal;Absent;High,,
f4529653-64a0-425a-9b06-691d4c4530d8,,"Right Eye, Marginal reflex distance",Marginal reflex distance,MRD measures the distance between the corneal light reflex and the margin of the upper eyelid,Question,Coded,Normal;2mm drop;3mm drop;4mm drop,,
e78d48c9-685b-4bcf-a099-1966578d150c,,"Right Eye, Palpebral Fissure distance",Palpebral Fissure distance,This is the distance between the upper and lower eyelids when the eyes are open,Question,Coded,>15mm;12-14mm;5-11mm;<4mm,,
9639b9a3-e3b6-40ee-a446-8ceeafb4f571,,"Right Eye, Levator function Test",Levator function Test,This test measures the function of the levator muscle by determining the amount of upper eyelid movement from downgaze to upgaze,Question,Coded,>15mm;12-14mm;5-11mm;<4mm,,
5d4d4228-cf4b-46ad-9ea9-aa1cca1b4bbe,,"Right Eye, Extraocular motility",Extraocular motility,This evaluation checks the movement of the eyes in all directions,Question,Coded,Normal;Abnormal,,
7cc5020a-67b3-11ef-ae94-325096b39f47,,"Right Eye, Phenyl Ephrine Test",Phenyl Ephrine Test,"This test involves instilling phenylephrine drops into the eye to temporarily elevate the eyelid. It helps in diagnosing the type of ptosis and predicting the surgical outcome by assessing the response of the Müller's muscle, which can contribute to eyelid elevation",Question,Coded,No Rise in MRD;Rise in MRD 1.5mm,,
f64e29c3-acad-4d93-8d66-a30b342f7414,,"Right Eye, Other, Ptosis Evaluation",Other,Any other test that ophthalmologist might perform,Question,Text,,,
cb33eb9e-fe54-49b7-a696-3fef156e774c,,"Other, Cover Test",Other,Any other test that ophthalmologist might perform,Misc,Text,,,
cab3132f-65e3-45ad-ac6e-a9e65efdc9be,,Other,Other,Other,Misc,N/A,,,
7ea2e9ca-67b3-11ef-8d50-325096b39f47,,"Left Eye, Diagnosis, Corneal Light Reflex Test",,,Question,Coded,,,
433f98b8-5e18-4bc0-9a40-5ee12505f6b2,,"Right Eye, Diagnosis, Corneal Light Reflex Test",Diagnosis,The diagnosis made after evaluating the patient,Question,Coded,,,
4b29f530-c32b-4032-903b-a129344916f6,,Corneal Light Reflex Test,,,Misc,N/A,,,
e3591ef4-340b-4b87-b232-e405f042dc1a,,Tests of Ocular Motility and Binocular Vision ,,,Misc,N/A,,,
4077817c-b20b-4f1a-a3a5-c7893ec494ee,,Examination ,,,Misc,N/A,,,
820c4cdc-67b3-11ef-acf4-325096b39f47,,Pachymetry (answer),Pachymetry,,Misc,N/A,,,
820c4f84-67b3-11ef-b313-325096b39f47,,B scan (answer),B scan,,Misc,N/A,,,
820c5024-67b3-11ef-afb5-325096b39f47,,Anterior Segment Optical Coherence Tomography (answer),Anterior Segment Optical Coherence Tomography,,Misc,N/A,,,
820c509c-67b3-11ef-baf0-325096b39f47,,Corneal Topography (answer),Corneal Topography,,Misc,N/A,,,
820c5114-67b3-11ef-852b-325096b39f47,,Retinal Optical Coherence Tomography (Retinal OCT) (answer),Retinal Optical Coherence Tomography (Retinal OCT),,Misc,N/A,,,
820c518c-67b3-11ef-a7c3-325096b39f47,,Optic Nerve Head Optical Coherence Tomography(Optic Nerve Head OCT) (answer),Optic Nerve Head Optical Coherence Tomography(Optic Nerve Head OCT),,Misc,N/A,,,
820c51fa-67b3-11ef-a15c-325096b39f47,,Optical Coherence Tomography angiography (OCTA) (answer),Optical Coherence Tomography angiography (OCTA),,Misc,N/A,,,
820c5272-67b3-11ef-9c07-325096b39f47,,Visual field Examination with Humphrey Visual Field Analyser (answer),Visual field Examination with Humphrey Visual Field Analyser,,Misc,N/A,,,
820c52ea-67b3-11ef-8177-325096b39f47,,Retinal Photography (answer),Retinal Photography,,Misc,N/A,,,
820c5362-67b3-11ef-8fff-325096b39f47,,Fluorescein Fundus Angiography (FFA) (answer),Fluorescein Fundus Angiography (FFA),,Misc,N/A,,,
84ee074c-67b3-11ef-819b-325096b39f47,,"Left eye, Diagnostic and Imaging",Left eye,,Question,Coded,Pachymetry (answer);B scan (answer);Anterior Segment Optical Coherence Tomography (answer);Corneal Topography (answer);Retinal Optical Coherence Tomography (Retinal OCT) (answer);Optic Nerve Head Optical Coherence Tomography(Optic Nerve Head OCT) (answer);Optical Coherence Tomography angiography (OCTA) (answer);Visual field Examination with Humphrey Visual Field Analyser (answer);Retinal Photography (answer);Fluorescein Fundus Angiography (FFA) (answer),,
6abcc83e-7b64-4c77-8cab-fb8e8758ec3b,,"Right eye, Diagnostic and Imaging",Right eye,Diagnostic or imaging test requested,Question,Coded,Pachymetry (answer);B scan (answer);Anterior Segment Optical Coherence Tomography (answer);Corneal Topography (answer);Retinal Optical Coherence Tomography (Retinal OCT) (answer);Optic Nerve Head Optical Coherence Tomography(Optic Nerve Head OCT) (answer);Optical Coherence Tomography angiography (OCTA) (answer);Visual field Examination with Humphrey Visual Field Analyser (answer);Retinal Photography (answer);Fluorescein Fundus Angiography (FFA) (answer),,
88f634a4-67b3-11ef-92b3-325096b39f47,,CBC (answer),CBC,,Misc,N/A,,,
88f63684-67b3-11ef-a054-325096b39f47,,Het/Hgb (answer),Het/Hgb,,Misc,N/A,,,
88f636f2-67b3-11ef-9d9b-325096b39f47,,"WBC, Hematology (answer)",WBC,,Misc,N/A,,,
88f6374c-67b3-11ef-8946-325096b39f47,,Neutrophils (answer),Neutrophils,,Misc,N/A,,,
88f63792-67b3-11ef-a47e-325096b39f47,,Lymphocytes (answer),Lymphocytes,,Misc,N/A,,,
88f637e2-67b3-11ef-a41e-325096b39f47,,Eosinophils (answer),Eosinophils,,Misc,N/A,,,
88f63828-67b3-11ef-bb37-325096b39f47,,Basophils (answer),Basophils,,Misc,N/A,,,
88f6386e-67b3-11ef-9178-325096b39f47,,ESR (answer),ESR,,Misc,N/A,,,
88f638b4-67b3-11ef-bd76-325096b39f47,,Morphology (answer),Morphology,,Misc,N/A,,,
88f638fa-67b3-11ef-9c65-325096b39f47,,Blood group and RH (answer),Blood group and RH,,Misc,N/A,,,
88f63940-67b3-11ef-82d8-325096b39f47,,Blood film  (answer),Blood film ,,Misc,N/A,,,
88f6397c-67b3-11ef-9025-325096b39f47,,HBsAG (answer),HBsAG,,Misc,N/A,,,
88f639c2-67b3-11ef-9f59-325096b39f47,,HCV-AB (answer),HCV-AB,,Misc,N/A,,,
88f63a08-67b3-11ef-9868-325096b39f47,,VDRL (answer),VDRL,,Misc,N/A,,,
88f63a4e-67b3-11ef-8a0d-325096b39f47,,Widal-H (answer),Widal-H,,Misc,N/A,,,
88f63a94-67b3-11ef-98eb-325096b39f47,,Widal-O (answer),Widal-O,,Misc,N/A,,,
88f63ad0-67b3-11ef-aa1b-325096b39f47,,Weill Flex (answer),Weill Flex,,Misc,N/A,,,
88f63b16-67b3-11ef-9bcd-325096b39f47,,H-pylori (answer),H-pylori,,Misc,N/A,,,
88f63b5c-67b3-11ef-a1d8-325096b39f47,,Rheumatoid Factor (RF) (answer),Rheumatoid Factor (RF),,Misc,N/A,,,
88f63ba2-67b3-11ef-82cf-325096b39f47,,Serium Protein (answer),Serium Protein,,Misc,N/A,,,
88f63be8-67b3-11ef-8f61-325096b39f47,,Serology for RVI (answer),Serology for RVI,,Misc,N/A,,,
88f63c2e-67b3-11ef-90b3-325096b39f47,,ASO Test (answer),ASO Test,,Misc,N/A,,,
88f63c6a-67b3-11ef-b1e9-325096b39f47,,Gram Stain (answer),Gram Stain,,Misc,N/A,,,
88f63cb0-67b3-11ef-9fa3-325096b39f47,,Wet Mount  (answer),Wet Mount ,,Misc,N/A,,,
88f63cf6-67b3-11ef-9227-325096b39f47,,AFB (answer),AFB,,Misc,N/A,,,
8be72b1e-67b3-11ef-8106-325096b39f47,,AFB 2x (answer),AFB 2x,,Misc,N/A,,,
8be72dee-67b3-11ef-b0d5-325096b39f47,,Stool Test (answer),Stool Test,,Misc,N/A,,,
8be72e84-67b3-11ef-88bd-325096b39f47,,H-Pylpri (answer),H-Pylpri,,Misc,N/A,,,
8be72efc-67b3-11ef-9e31-325096b39f47,,FBS (answer),FBS,,Misc,N/A,,,
8be72f6a-67b3-11ef-901d-325096b39f47,,RBS (answer),RBS,,Misc,N/A,,,
8be72fd8-67b3-11ef-8499-325096b39f47,,Uric Acid (answer),Uric Acid,,Misc,N/A,,,
8be73046-67b3-11ef-a3d9-325096b39f47,,SGOT (answer),SGOT,,Misc,N/A,,,
8be730be-67b3-11ef-aff5-325096b39f47,,SGPT (answer),SGPT,,Misc,N/A,,,
8be73122-67b3-11ef-a918-325096b39f47,,ALP (answer),ALP,,Misc,N/A,,,
8be73190-67b3-11ef-9a69-325096b39f47,,BUN (answer),BUN,,Misc,N/A,,,
8be731fe-67b3-11ef-83c5-325096b39f47,,Creatinin (answer),Creatinin,,Misc,N/A,,,
8be73262-67b3-11ef-b484-325096b39f47,,LDL (answer),LDL,,Misc,N/A,,,
8be732d0-67b3-11ef-b2b8-325096b39f47,,TG (answer),TG,,Misc,N/A,,,
8be73334-67b3-11ef-bbf1-325096b39f47,,HDL (answer),HDL,,Misc,N/A,,,
8be733a2-67b3-11ef-9a91-325096b39f47,,Cholestrol(T) (answer),Cholestrol(T),,Misc,N/A,,,
8be73406-67b3-11ef-bd92-325096b39f47,,Bilirubin (T) (answer),Bilirubin (T),,Misc,N/A,,,
8be73474-67b3-11ef-804a-325096b39f47,,Bilirubin (D) (answer),Bilirubin (D),,Misc,N/A,,,
8be734ce-67b3-11ef-93e6-325096b39f47,,Total T3 (answer),Total T3,,Misc,N/A,,,
8be7353c-67b3-11ef-8d3d-325096b39f47,,Total T4 (answer),Total T4,,Misc,N/A,,,
8be735aa-67b3-11ef-a8b7-325096b39f47,,TSH (answer),TSH,,Misc,N/A,,,
8be7360e-67b3-11ef-b38e-325096b39f47,,FT3 (answer),FT3,,Misc,N/A,,,
8be7367c-67b3-11ef-bf08-325096b39f47,,FT4 (answer),FT4,,Misc,N/A,,,
8be736ea-67b3-11ef-b53d-325096b39f47,,Levk. (answer),Levk.,,Misc,N/A,,,
8be73744-67b3-11ef-8a47-325096b39f47,,ph (answer),ph,,Misc,N/A,,,
8be73780-67b3-11ef-af47-325096b39f47,,SG (answer),SG,,Misc,N/A,,,
8fa74ad6-67b3-11ef-aad6-325096b39f47,,protein (answer),protein,,Misc,N/A,,,
8fa74d74-67b3-11ef-8aff-325096b39f47,,Ketone (answer),Ketone,,Misc,N/A,,,
8fa74e14-67b3-11ef-bf5e-325096b39f47,,Sugar (answer),Sugar,,Misc,N/A,,,
8fa74e96-67b3-11ef-baab-325096b39f47,,Urobilinogen (answer),Urobilinogen,,Misc,N/A,,,
8fa74f04-67b3-11ef-b558-325096b39f47,,Nitrate    (answer),Nitrate   ,,Misc,N/A,,,
8fa74f5e-67b3-11ef-b231-325096b39f47,,Bilirubin (answer) ,Bilirubin ,,Misc,N/A,,,
8fa74fa4-67b3-11ef-a4da-325096b39f47,,"WBC, Microscopy (answer)",WBC,,Misc,N/A,,,
8fa74fea-67b3-11ef-97dd-325096b39f47,,RBC (answer),RBC,,Misc,N/A,,,
8fa75044-67b3-11ef-acce-325096b39f47,,"Bacteria, RBC (answer)",Bacteria,,Misc,N/A,,,
8fa750b2-67b3-11ef-804d-325096b39f47,,"Casts, RBC (answer)",Casts,,Misc,N/A,,,
92c58638-67b3-11ef-94d5-325096b39f47,,"Others, RBC (answer)",Others,,Misc,N/A,,,
92c58890-67b3-11ef-9bd0-325096b39f47,,Urine  HCG (answer),Urine  HCG,,Misc,N/A,,,
aa37d2d1-73ba-4251-8724-105b41718b75,,Lazer T,Lazer T,The type of laser treatment used,Misc,N/A,,,
d556a3c3-fcca-4e92-9225-07174b513d46,,Laboratory Investigation,Laboratory Investigation,Laboratory tests requested,Question,Coded,"CBC (answer);Het/Hgb (answer);WBC, Hematology (answer);Neutrophils (answer);Lymphocytes (answer);Eosinophils (answer);Basophils (answer);ESR (answer);Morphology (answer);Blood group and RH (answer);Blood film  (answer);HBsAG (answer);HCV-AB (answer);VDRL (answer);Widal-H (answer);Widal-O (answer);Weill Flex (answer);H-pylori (answer);Rheumatoid Factor (RF) (answer);Serium Protein (answer);Serology for RVI (answer);ASO Test (answer);Gram Stain (answer);Wet Mount  (answer);AFB (answer);AFB 2x (answer);Stool Test (answer);H-Pylpri (answer);FBS (answer);RBS (answer);Uric Acid (answer);SGOT (answer);SGPT (answer);ALP (answer);BUN (answer);Creatinin (answer);LDL (answer);TG (answer);HDL (answer);Cholestrol(T) (answer);Bilirubin (T) (answer);Bilirubin (D) (answer);Total T3 (answer);Total T4 (answer);TSH (answer);FT3 (answer);FT4 (answer);Levk. (answer);ph (answer);SG (answer);protein (answer);Ketone (answer);Sugar (answer);Urobilinogen (answer);Nitrate    (answer);Bilirubin (answer);WBC, Microscopy (answer);RBC (answer);Bacteria, RBC (answer);Casts, RBC (answer);Others, RBC (answer);Urine  HCG (answer)",,
23cf8627-e679-44c7-b1d6-cde6f847ff82,,"Medication, Treatment plan Right Eye",Treatment plan,Treatment plan for the patient,Question,Coded,,,
07ecdc66-5c91-4361-ba77-c95c61dbb1bf,,"Medication, Treatment plan Left Eye",Treatment plan,Treatment plan for the patient,Question,Coded,,,
f6bdf231-8f93-4f8e-98e0-e02df7bd911a,,Surgery - Cataract,Surgery - Cataract,Surgery - Cataract,Misc,N/A,,,
40cae243-341a-41e7-a1db-2972af93f8d5,,Surgery - Glaucoma,Surgery - Glaucoma,Surgery - Glaucoma,Misc,N/A,,,
3ece33fd-33e4-4741-b012-0e2d515ad804,,Surgery - Retina,Surgery - Retina,Surgery - Retina,Misc,N/A,,,
8ba78116-b095-491e-b058-5af98131148b,,Surgery - Oculoplastic,Surgery - Oculoplastic,Surgery - Oculoplastic,Misc,N/A,,,
be203be8-f8a5-4f8b-af97-cdfbdcadd7a5,,"Surgery, Treatment plan Right Eye",Surgery,Patient scheduled for a surgery procedure,Question,Coded,Surgery - Cataract;Surgery - Glaucoma;Surgery - Retina;Surgery - Oculoplastic,,
4cab55b9-c33f-4580-b5cd-fd9038abadc0,,"Surgery, Treatment plan Left Eye",Surgery,Patient scheduled for a surgery procedure,Question,Coded,Surgery - Cataract;Surgery - Glaucoma;Surgery - Retina;Surgery - Oculoplastic,,
9618435c-67b3-11ef-b6b4-325096b39f47,,"Medication, Treatment plan (answer)",Treatment plan,Treatment plan for the patient,Misc,N/A,,,
aed7c7af-458f-4bdd-8cc7-2b7a838af847,,"Treatment Plan, Investigations Right Eye",,,Misc,Coded,None;Advice;Medication;Lazer T;Minor Surgical Procedure,,
181a6214-cebb-46d6-860a-af1d9163007c,,"Treatment Plan, Investigations Left Eye",,,Misc,Coded,None;Advice;Medication;Lazer T;Minor Surgical Procedure,,
47b41c0c-3103-4d00-a603-c1f03500a8be,,Investigations,,,Misc,N/A,,,
7ae9282d-188d-43eb-92a0-518d1b051a34,,Itching sensation,Itching sensation,Itching sensation,Misc,N/A,,,
0d481144-8db0-4755-9d42-fbfb7569b938,,Watery eye,Watery eye,Watery eye,Misc,N/A,,,
90f10cd9-f6ca-42d5-83cb-2489caa6c012,,Trauma (complaint),Trauma,Trauma,Misc,N/A,,,
8e6dd7dc-cd18-440b-96c4-2a00b8b059da,,Photophobia,Photophobia,Photophobia,Misc,N/A,,,
e707e3fc-ca5e-4034-9e76-7b5e2628e62e,,Visual reduction,Visual reduction,Visual reduction,Misc,N/A,,,
cd8ba927-8752-4bfc-b6dd-ed5a86e8e3dd,,Difficult of reading,Difficult of reading,Difficult of reading,Misc,N/A,,,
bbbb0dbd-36f6-4453-b0e9-8db9ab983b7f,,Crossed eye,Crossed eye,Crossed eye,Misc,N/A,,,
86a85b69-f42b-495e-8537-9ac39e9a64f3,,Painful eye,Painful eye,Painful eye,Misc,N/A,,,
fd95ce33-5e2a-4ae1-b9cc-54fdb24ae42f,,Swollen eye lid,Swollen eye lid,Swollen eye lid,Misc,N/A,,,
092e1519-4293-4b49-abb6-91297c44b294,,Rash over eye lid,Rash over eye lid,Rash over eye lid,Misc,N/A,,,
c12d7fdb-aa6e-457f-8d35-6e9a24747b04,,Blisters over eye lid,Blisters over eye lid,Blisters over eye lid,Misc,N/A,,,
516cfc3b-139a-4fb0-bd31-6afd4885a186,,Protrusion of eye ball,Protrusion of eye ball,Protrusion of eye ball,Misc,N/A,,,
b7a3f337-1e19-4a77-9241-7340670ae209,,Inflamed skin,Inflamed skin,Inflamed skin,Misc,N/A,,,
88d59616-e9e8-4c16-9301-15f8b01183da,,Swollen skin,Swollen skin,Swollen skin,Misc,N/A,,,
899f6fff-23c2-400f-8e36-d66aabe7515c,,Over hanging skin,Over hanging skin,Over hanging skin,Misc,N/A,,,
e73e33a3-8327-4927-b878-9b074602be62,,Mass,Mass,Mass,Misc,N/A,,,
5f1d5a13-a443-467d-937b-f1c8e4e887d6,,Macule,Macule,Macule,Misc,N/A,,,
a08bbc7e-30b1-4056-a61b-839ed3aefe5a,,Papule,Papule,Papule,Misc,N/A,,,
8a5ec3e9-f979-49cc-a5b6-9add25b3b5d5,,Vesicle,Vesicle,Vesicle,Misc,N/A,,,
9c713fdb-31e7-417e-975f-378ebe89d6e5,,Bulla,Bulla,Bulla,Misc,N/A,,,
3fa99232-1e9a-4900-869e-90ae7a661fe6,,Crust,Crust,Crust,Misc,N/A,,,
33fd37e0-478f-4f86-9119-40deefb0766c,,Nodule,Nodule,Nodule,Misc,N/A,,,
183fe8a0-94fd-4c07-91af-e071ffbef1c0,,Plaque,Plaque,Plaque,Misc,N/A,,,
ad7a2e1e-8d8a-47ca-b919-85e5403ac928,,Scale,Scale,Scale,Misc,N/A,,,
36ed6af8-4f17-4da5-90f6-fdfcfa7bf58b,,Papilloma,Papilloma,Papilloma,Misc,N/A,,,
b8977d8b-7b54-4004-836b-b6393e04bf72,,Ulcerated,Ulcerated,Ulcerated,Misc,N/A,,,
808ea29e-7923-40bf-b1f9-3dc9fe2d1225,,Port Wine stain,Port Wine stain,Port Wine stain,Misc,N/A,,,
699fd20a-2bb7-421d-978d-73dfc43a2275,,Scales on cilia,Scales on cilia,Scales on cilia,Misc,N/A,,,
30d83998-2731-43c7-9413-de5d06e2fde4,,Sticky cilia,Sticky cilia,Sticky cilia,Misc,N/A,,,
ab89d3d9-5c9c-444d-8a22-2c9f3000d7eb,,Minimal discharge,Minimal discharge,Minimal discharge,Misc,N/A,,,
46357992-2545-4cfc-a39d-4316713adf70,,Profuse discharge,Profuse discharge,Profuse discharge,Misc,N/A,,,
79552c4a-5222-4914-9264-77129294a9f1,,Misdirected UL lashes,Misdirected UL lashes,Misdirected UL lashes,Misc,N/A,,,
1bcd2d31-db43-4b64-9387-7190d6a10a98,,Mis directed LL,Mis directed LL,Mis directed LL,Misc,N/A,,,
d68cfcde-0f04-4da8-9690-83956987b134,,Foamy discharge,Foamy discharge,Foamy discharge,Misc,N/A,,,
822eacb4-c910-457c-93c7-88e2e1050c06,,Hyperaemic eyelid margin,Hyperaemic eyelid margin,Hyperaemic eyelid margin,Misc,N/A,,,
8f7745e3-94c7-418b-9c41-dd0b02ffd179,,Telangiectasis,Telangiectasis,Telangiectasis,Misc,N/A,,,
f4967e62-5b15-4ad3-bf4e-71cf441cd54b,,S shaped appearance,S shaped appearance,S shaped appearance,Misc,N/A,,,
74e70a7c-b4bf-42ad-966f-a5956be04473,,Clogged meibomian glad,Clogged meibomian glad,Clogged meibomian glad,Misc,N/A,,,
fd425900-224f-4208-81fe-dc00e1c1cecb,,Stenosed UL punctom,Stenosed UL punctom,Stenosed UL punctom,Misc,N/A,,,
a5c2f01a-7c19-4761-a56a-5bff9efadc5c,,Stenosed LL punctom,Stenosed LL punctom,Stenosed LL punctom,Misc,N/A,,,
3bcd75f1-e106-4755-be84-e5995908cd2e,,Small eye lid laceration,Small eye lid laceration,Small eye lid laceration,Misc,N/A,,,
81262fc6-7211-4c04-bd04-25a18885dcd4,,Complicated eyelid laceration,Complicated eyelid laceration,Complicated eyelid laceration,Misc,N/A,,,
71f3a84c-1bea-4033-930f-4f86cd56485c,,Red,Red,Red,Misc,N/A,,,
f8ebdc38-bcbf-4f43-9a17-90a5ea4822a9,,Congestion,Congestion,Congestion,Misc,N/A,,,
acdf6b05-7b7e-4074-aec3-a964789bced6,,Discolored,Discolored,Discolored,Misc,N/A,,,
a34a956c-bd46-4a69-b6e4-ef415ff2a2e5,,Chemosis,Chemosis,Chemosis,Misc,N/A,,,
5f67e407-1492-4591-9d78-420a2aa359b1,,Papillae,Papillae,Papillae,Misc,N/A,,,
d61fab5a-50cd-4e78-9bfd-b6396bd0ab0a,,Follicles,Follicles,Follicles,Misc,N/A,,,
50d602d9-6d36-4562-b922-621360f66f74,,Deep seated concreations,Deep seated concreations,Deep seated concreations,Misc,N/A,,,
2d9db29e-4c9c-4f33-9bb0-a34d834feaef,,Superficial concretion,Superficial concretion,Superficial concretion,Misc,N/A,,,
98cf6723-435e-4244-b615-138f2fd536e0,,Yellowish bump,Yellowish bump,Yellowish bump,Misc,N/A,,,
8831d22b-fc06-4afa-9e6c-bb47af84a493,,Wedge shaped growth,Wedge shaped growth,Wedge shaped growth,Misc,N/A,,,
1fd418de-7c75-4813-b91d-2bb1aa5ce67f,,Phlycten,Phlycten,Phlycten,Misc,N/A,,,
942bcf50-7095-4c63-879e-8bcbaaef9d31,,Granulomas,Granulomas,Granulomas,Misc,N/A,,,
0abc6046-0b7b-4a86-a693-abc5b2f208ef,,Membrane,Membrane,Membrane,Misc,N/A,,,
65030e78-c94a-4c0d-8f21-f9058755a597,,Pseudo membrane,Pseudo membrane,Pseudo membrane,Misc,N/A,,,
0a0b96c7-b990-4e05-891c-051c88a22fe8,,Scar,Scar,Scar,Misc,N/A,,,
2b006db8-84e5-41ca-ad05-33762981c05f,,Tear,Tear,Tear,Misc,N/A,,,
c04d47d1-6019-4970-b217-e4c9d88cb455,,Short fornix,Short fornix,Short fornix,Misc,N/A,,,
c487393c-08c1-4260-a830-7c6370948de9,,Abrations,Abrations,Abrations,Misc,N/A,,,
3fa79dde-12e6-457c-adec-c5204963d965,,Punctate epithelial erosions,Punctate epithelial erosions,Punctate epithelial erosions,Misc,N/A,,,
001782c2-8ae5-4e6a-b451-2ef5addd1146,,Paracentral corneal ulcer,Paracentral corneal ulcer,Paracentral corneal ulcer,Misc,N/A,,,
ee620ade-269b-48d6-8337-7be3bb2186f3,,Peripheral corneal ulcer,Peripheral corneal ulcer,Peripheral corneal ulcer,Misc,N/A,,,
89909fbb-1ac4-4d83-99ec-226401557fa5,,Deep ulcer,Deep ulcer,Deep ulcer,Misc,N/A,,,
39d1bda3-96d1-4468-8c98-2f2df5cc4f0d,,Corneal epithelial defect,Corneal epithelial defect,Corneal epithelial defect,Misc,N/A,,,
624a3ff3-d674-4337-9565-c4bd08d46e0b,,Dendritic keratitis,Dendritic keratitis,Dendritic keratitis,Misc,N/A,,,
dda11da5-50b5-4b2d-ac50-ad4f41ba5235,,Geographic keratitis,Geographic keratitis,Geographic keratitis,Misc,N/A,,,
27791a8d-2176-47b1-ac92-398d6449d8a2,,Discform keratitis,Discform keratitis,Discform keratitis,Misc,N/A,,,
331c9f98-38d1-4a1d-982c-aebb32f657c2,,Necrotizing stromal keratitis,Necrotizing stromal keratitis,Necrotizing stromal keratitis,Misc,N/A,,,
7ba68465-eb67-49ca-91ee-cc53a3dc1d46,,Stromal Opacity,Stromal Opacity,Stromal Opacity,Misc,N/A,,,
ad900c2b-9887-43c1-a4ee-2d6e886264c2,,Diffuse stromal edema,Diffuse stromal edema,Diffuse stromal edema,Misc,N/A,,,
6ed6f6c5-a791-4b2a-8c8a-4845cde16239,,Necrotized stromal keratitis,Necrotized stromal keratitis,Necrotized stromal keratitis,Misc,N/A,,,
24b67748-3b43-4497-b7b6-29ba3118ac72,,Stromal edema with KPS,Stromal edema with KPS,Stromal edema with KPS,Misc,N/A,,,
54e037c7-fd81-41d1-beea-990372b65fbf,,Micro cornea,Micro cornea,Micro cornea,Misc,N/A,,,
cf966e22-be1b-4d72-8af9-5d1cf59d633f,,Megalo cornea,Megalo cornea,Megalo cornea,Misc,N/A,,,
aa3a4644-93d6-4623-ae65-2b1f073a675a,,Haab striae,Haab striae,Haab striae,Misc,N/A,,,
513232c4-e188-4673-a3af-d5d45c69ecb7,,Keratic Precipiates,Keratic Precipiates,Keratic Precipiates,Misc,N/A,,,
a4b4707d-667d-421b-a3dc-72222b239536,,Corneal tear,Corneal tear,Corneal tear,Misc,N/A,,,
9f7bc1c8-58ac-45e3-ada6-d7abb1b2081f,,Corneal tear with iris prolapse,Corneal tear with iris prolapse,Corneal tear with iris prolapse,Misc,N/A,,,
56073249-00f2-4e51-aff1-3927a482939f,,Lipid deposit,Lipid deposit,Lipid deposit,Misc,N/A,,,
c0a9295b-1157-4d05-b3cd-b372faa081ce,,Corneal Haze,Corneal Haze,Corneal Haze,Misc,N/A,,,
89ff3648-d691-40c5-9e0e-a3c2c4a488c3,,Lasik flap,Lasik flap,Lasik flap,Misc,N/A,,,
2edcc1eb-dc93-465c-86ea-4f14cc994d03,,Corneal graft,Corneal graft,Corneal graft,Misc,N/A,,,
26c48352-2198-40e3-87e7-398a42c7aba4,,Penetrating keratoplasty,Penetrating keratoplasty,Penetrating keratoplasty,Misc,N/A,,,
f83df3cb-1dd1-4881-adc2-e37e0a13ddce,,Endothelial Keratoplasty,Endothelial Keratoplasty,Endothelial Keratoplasty,Misc,N/A,,,
28c2a633-7496-4424-afd3-9d00b0555b50,,Contact lense,Contact lense,Contact lense,Misc,N/A,,,
b54f158a-e726-483f-bdaf-fc3ed856f2e2,,Keratoconnus,Keratoconnus,Keratoconnus,Misc,N/A,,,
e6afe933-7cea-4ad6-8105-c97077cb5ce2,,Kerato malacia,Kerato malacia,Kerato malacia,Misc,N/A,,,
29a2b456-0653-475b-8478-0b53f3cd8deb,,Peripheral ulceration keratitis,Peripheral ulceration keratitis,Peripheral ulceration keratitis,Misc,N/A,,,
ecd1d907-3e67-4942-9117-48b87e230fdb,,Phlyctenular kerato conjunctivitis,Phlyctenular kerato conjunctivitis,Phlyctenular kerato conjunctivitis,Misc,N/A,,,
60bd03ce-2dd8-4d00-bee2-78cacd0ff97f,,Superficial punctate keratitis,Superficial punctate keratitis,Superficial punctate keratitis,Misc,N/A,,,
c14a4c57-bd8b-487a-b765-21738ad19bf9,,Microcyst,Microcyst,Microcyst,Misc,N/A,,,
83b19b19-b834-434c-bad6-3e6f65c25281,,Dellen,Dellen,Dellen,Misc,N/A,,,
724d664c-96f4-41b1-ad02-6503257ab722,,Striae,Striae,Striae,Misc,N/A,,,
47c3a8f1-86c0-4c55-8cfc-bb4be7653188,,Folds,Folds,Folds,Misc,N/A,,,
bebbd70a-4707-430f-b2dd-bfe10a61f9d4,,Anterior staphyloma,Anterior staphyloma,Anterior staphyloma,Misc,N/A,,,
557c26e8-c1cb-47ef-a9a5-6bcf3ae1bc58,,Perforated cornea,Perforated cornea,Perforated cornea,Misc,N/A,,,
eb485ed6-6235-4a19-b555-3ad6b97ad757,,Adherent leucoma,Adherent leucoma,Adherent leucoma,Misc,N/A,,,
43e36f35-e6ec-4e61-9b9a-c6c5eecec6c9,,Perilimbal Horner-Trantas dots,Perilimbal Horner-Trantas dots,Perilimbal Horner-Trantas dots,Misc,N/A,,,
3773c11a-4d32-4dda-9e26-3fd6a7216f54,,Limbal Herbert's pits,Limbal Herbert's pits,Limbal Herbert's pits,Misc,N/A,,,
169bfc5a-bf01-458c-8629-015698528b3c,,Shallow,Shallow,Shallow,Misc,N/A,,,
9adbd5ae-1027-44d4-82f6-4b44a84e7397,,Flat,Flat,Flat,Misc,N/A,,,
248d15d7-aaea-40a7-ac06-212b4b535e91,,Acqueous flare,Acqueous flare,Acqueous flare,Misc,N/A,,,
31d59c27-e6f0-4770-bb2c-b155f02b9359,,Acqueous cells,Acqueous cells,Acqueous cells,Misc,N/A,,,
5824912b-d80f-4811-8e13-5627c13df942,,Lens particles in AC,Lens particles in AC,Lens particles in AC,Misc,N/A,,,
9c1f8d66-e4b4-469b-8691-631bc31c135c,,Lens in AC,Lens in AC,Lens in AC,Misc,N/A,,,
6f3b963e-4d11-4281-9b06-2158b669a1b1,,Iridodonesis,Iridodonesis,Iridodonesis,Misc,N/A,,,
ce967973-214a-4df7-8111-71cd7a3553f8,,New vessels,New vessels,New vessels,Misc,N/A,,,
3decc049-4ab6-432b-9a1e-62b6e957cba9,,Pupillary membrane,Pupillary membrane,Pupillary membrane,Misc,N/A,,,
8bfdc781-2bec-4826-84be-0a6cf2e47b50,,Coloboma,Coloboma,Coloboma,Misc,N/A,,,
75fe54fd-76e8-4ddb-bfe1-e5cb5231d867,,Posterior synaechiae,Posterior synaechiae,Posterior synaechiae,Misc,N/A,,,
426794a3-5990-43bf-97bc-dd9e5ade3e13,,Sphincter tear,Sphincter tear,Sphincter tear,Misc,N/A,,,
28d7c57f-2936-45ef-8c50-750a4572916d,,Iris hypoplasia,Iris hypoplasia,Iris hypoplasia,Misc,N/A,,,
a3995c47-b245-405c-b417-6e6bad795908,,Irido dialysis,Irido dialysis,Irido dialysis,Misc,N/A,,,
8ab25f15-1ec0-4f25-adcd-cf96afaa0b85,,Heterochromia iridis,Heterochromia iridis,Heterochromia iridis,Misc,N/A,,,
e64faed3-dcf9-4a24-b563-cda3080eb8b1,,Non reactive,Non reactive,Non reactive,Misc,N/A,,,
73741a17-f92d-4ac7-a91a-fa3a996ac909,,Dilated,Dilated,Dilated,Misc,N/A,,,
df07ebcc-4874-4460-b157-3d14ba5590f7,,Sluggish,Sluggish,Sluggish,Misc,N/A,,,
2eb6017c-27c0-47fc-a39a-4db770432586,,Pupil size after dilation less than 5mm,Pupil size after dilation less than 5mm,Pupil size after dilation less than 5mm,Misc,N/A,,,
22f263e4-11ee-4ff5-9062-dbe03caa7365,,Pupil size after dilation 6mm,Pupil size after dilation 6mm,Pupil size after dilation 6mm,Misc,N/A,,,
7ef993db-fe7e-435c-b542-d9afe00123d6,,Pupil size after dilation 7mm,Pupil size after dilation 7mm,Pupil size after dilation 7mm,Misc,N/A,,,
5868edbc-1946-4ed3-90f1-17849d9d3a90,,Pupil size after dilation 8mm,Pupil size after dilation 8mm,Pupil size after dilation 8mm,Misc,N/A,,,
9bd77b56-3e86-49bf-a8df-7cc5c5e7508f,,Pupil size after dilation more than 8mm,Pupil size after dilation more than 8mm,Pupil size after dilation more than 8mm,Misc,N/A,,,
b1226f0d-a1d1-4f76-bf2d-b86e6ab87a89,,Mild pseudoexfoliation,Mild pseudoexfoliation,Mild pseudoexfoliation,Misc,N/A,,,
8873822b-37c7-4e6c-a9e2-0edd5e584de1,,Moderate Pseudoexfoliation,Moderate Pseudoexfoliation,Moderate Pseudoexfoliation,Misc,N/A,,,
deeab56d-cbf3-48f8-b1a6-2ea8c28dda04,,Sever Pseudoexfoliation,Sever Pseudoexfoliation,Sever Pseudoexfoliation,Misc,N/A,,,
fbbe2c4a-73e4-418a-9bab-328819957b3f,,Paving stone degeneration,Paving stone degeneration,Paving stone degeneration,Misc,N/A,,,
9b34d108-a188-423c-bc35-95728d505c1c,,Horse shoe tear,Horse shoe tear,Horse shoe tear,Misc,N/A,,,
a14b52ba-d20e-4658-9ce9-a4b2355ef436,,Horse shoe tear with rolled edges,Horse shoe tear with rolled edges,Horse shoe tear with rolled edges,Misc,N/A,,,
364c06a1-d71c-4017-8658-a40760e8d444,,Detached retina,Detached retina,Detached retina,Misc,N/A,,,
d927c071-8c45-432a-972a-aaad6964a126,,Detached retina with SRF,Detached retina with SRF,Detached retina with SRF,Misc,N/A,,,
63a30e15-122b-4597-89a9-b357f0d4982d,,Lattice degeneration,Lattice degeneration,Lattice degeneration,Misc,N/A,,,
30b7cee5-4f1f-4639-b793-02794149b769,,Choroidal tear,Choroidal tear,Choroidal tear,Misc,N/A,,,
aa3b07be-ef9b-41bb-9467-5de6ac6def8e,,Weiss ring,Weiss ring,Weiss ring,Misc,N/A,,,
591775e8-9858-444b-8c53-e82338d51891,,Pre retinal Haemorrhage,Pre retinal Haemorrhage,Pre retinal Haemorrhage,Misc,N/A,,,
51f6f01a-0a24-4542-84f5-044b3d4f10a6,,Flame hemorrhages,Flame hemorrhages,Flame hemorrhages,Misc,N/A,,,
59dc2d4f-ce98-4b0c-a335-ed19d86e2656,,Dot & Blot hemorrhages,Dot & Blot hemorrhages,Dot & Blot hemorrhages,Misc,N/A,,,
c7dab1e7-a2c5-43d2-9da6-e268110b8dc2,,Optic disc infiltration,Optic disc infiltration,Optic disc infiltration,Misc,N/A,,,
86045c9b-4ea8-459c-8c44-0eafacd5b37a,,A-V Nicking,A-V Nicking,A-V Nicking,Misc,N/A,,,
35778627-9084-4f01-a806-7ec2a7c1c579,,Roth Spot,Roth Spot,Roth Spot,Misc,N/A,,,
3526003c-2bfb-400c-8350-d7da71a750bd,,Macular Edema,Macular Edema,Macular Edema,Misc,N/A,,,
56cfc20c-aa78-476d-9901-b21b547f44cf,,Papillitis,Papillitis,Papillitis,Misc,N/A,,,
a40785e0-a995-4ff1-9266-b0e08c803f56,,Choroidal neovascularization,Choroidal neovascularization,Choroidal neovascularization,Misc,N/A,,,
fd687b74-3ab9-4374-845f-04de46b6855d,,Microaneurysms,Microaneurysms,Microaneurysms,Misc,N/A,,,
025a34c7-41ee-4ef8-aa37-b16db3051139,,Intraretinal hemorrhage,Intraretinal hemorrhage,Intraretinal hemorrhage,Misc,N/A,,,
a70f19fa-00c8-49ed-8898-61f34bbf9f95,,Exudates,Exudates,Exudates,Misc,N/A,,,
39e0a9da-3b69-4e14-992e-3842143d4320,,Cotton-Wool Spots,Cotton-Wool Spots,Cotton-Wool Spots,Misc,N/A,,,
73f8ea6d-0c76-4e25-9a26-e345ec08c242,,Macular Ischemia,Macular Ischemia,Macular Ischemia,Misc,N/A,,,
9cb44c52-6d7a-421d-ba8e-23a39175acc3,,Neovascularization,Neovascularization,Neovascularization,Misc,N/A,,,
0e1f3cd3-3b09-41b4-9c29-81d0f982d709,,Traction Retinal detachment,Traction Retinal detachment,Traction Retinal detachment,Misc,N/A,,,
45e347ed-ad45-4c06-a10a-0e5d81cdaca3,,Venous beading,Venous beading,Venous beading,Misc,N/A,,,
d6cbf53f-3f9f-4a14-b399-589f2e858a88,,IRMA,IRMA,IRMA,Misc,N/A,,,
cf8697d2-a705-4773-90c7-9adbf64b60c9,,Neovascularization of retina,Neovascularization of retina,Neovascularization of retina,Misc,N/A,,,
7f8cd4b9-f6cb-4aea-8890-293499b382b9,,Neovascularization of the disc,Neovascularization of the disc,Neovascularization of the disc,Misc,N/A,,,
959a6705-1411-4042-be46-912eb5c3a1a0,,Hard Exudates,Hard Exudates,Hard Exudates,Misc,N/A,,,
c478598a-e286-4f75-8078-4563fc20261a,,Hyphaema (Anterior),Hyphaema,Hyphaema,Misc,N/A,,,
d783781a-acd4-420b-96d0-7711fae10917,,Brisk,Brisk,Brisk,Misc,N/A,,,
0395edbb-1883-4d11-93b3-a5899fd6170f,,Exaggerated,Exaggerated,Exaggerated,Misc,N/A,,,
117e7a10-d85f-43c9-86d0-2175eb7c61e0,,Not tested,Not tested,Not tested,Misc,N/A,,,
bd70617c-b6ca-4166-a53d-f8354b75a62f,,No RAPD,No RAPD,No RAPD,Misc,N/A,,,
46cbfd96-f0a5-4b9e-b5bf-14cd717b5794,,RAPD present,RAPD present,RAPD present,Misc,N/A,,,
8b64425a-1c09-4f2f-9185-eea325c272d5,,Unable to Assess,Unable to Assess,Unable to Assess,Misc,N/A,,,
602b3f30-65c0-4b10-b605-6516aeb0b7ff,,"Direct Reaction, Pupillary Function Test, Right Eye",Direct Reaction,Response of the eye to direct illumination,Question,Coded,Brisk;Sluggish;Absent;Exaggerated;Not tested,,
46e38cc6-d751-49ac-87ad-90469875a19b,,"Direct Reaction, Pupillary Function Test, Left Eye",Direct Reaction,Response of the eye to direct illumination,Question,Coded,Brisk;Sluggish;Absent;Exaggerated;Not tested,,
be4c3d62-81fa-4bb1-a179-bba463a1285b,,"Consensual Reaction, Pupillary Function Test, Right Eye",Consensual Reaction,Response of the opposite eye to light stimulus,Question,Coded,Brisk;Sluggish;Absent;Exaggerated;Not tested,,
52f39c4d-b5b7-48c0-8291-0f9bf10c1703,,"Consensual Reaction, Pupillary Function Test, Left Eye",Consensual Reaction,Response of the opposite eye to light stimulus,Question,Coded,Brisk;Sluggish;Absent;Exaggerated;Not tested,,
b861484f-9eda-4a87-9967-7d4ab6355d0d,,"Near Reaction, Pupillary Function Test, Right Eye",Near Reaction,Pupillary constriction during near fixation,Question,Coded,Present;Sluggish;Absent;Not tested,,
bb878815-3892-4dc0-ac83-4c59c4865fcf,,"Near Reaction, Pupillary Function Test, Left Eye",Near Reaction,Pupillary constriction during near fixation,Question,Coded,Present;Sluggish;Absent;Not tested,,
d6748178-07ac-46d1-a651-605ef8605257,,"Swinging Flashlight (RAPD), Pupillary Function Test, Right Eye",Swinging Flashlight,Determines presence of Relative Afferent Pupillary Defect,Question,Coded,No RAPD;RAPD present;Unable to Assess,,
f3018718-1394-45fe-8e85-9686292f20b0,,"Swinging Flashlight (RAPD), Pupillary Function Test, Left Eye",Swinging Flashlight,Determines presence of Relative Afferent Pupillary Defect,Question,Coded,No RAPD;RAPD present;Unable to Assess,,
bec6e9df-d728-4962-a699-562c5bd2de96,,"Comments on Pupillary Function Test",Comments on Pupillary Function Test,Comments on Pupillary Function Test,Question,Text,,,
1393798a-d9da-456f-9ebf-1b4b6e5b758d,,Sectorial,Sectorial,Sectorial,Misc,N/A,,,
af4fe61d-b8a4-4995-9f28-97254c0d7b44,,Complete,Complete,Complete,Misc,N/A,,,