Uuid,Void/Retire,Fully specified name:en,Short name:en,Description:en,Data class,Data type,Answers,Complex data handler,_version:1,_order:25
879449d4-6e7a-11ef-b97a-325096b39f47,,6/6,,,Misc,N/A,,,,
87944bd2-6e7a-11ef-9b64-325096b39f47,,6/9,,,Misc,N/A,,,,
87944c4a-6e7a-11ef-bf26-325096b39f47,,6/12,,,Misc,N/A,,,,
87944ca4-6e7a-11ef-8d13-325096b39f47,,6/18,,,Misc,N/A,,,,
87944cea-6e7a-11ef-8d0c-325096b39f47,,6/24,,,Misc,N/A,,,,
87944d3a-6e7a-11ef-871d-325096b39f47,,6/36,,,Misc,N/A,,,,
87944d80-6e7a-11ef-8f9d-325096b39f47,,6/60,,,Misc,N/A,,,,
87944dc6-6e7a-11ef-8598-325096b39f47,,3/60,,,Misc,N/A,,,,
87944e0c-6e7a-11ef-8923-325096b39f47,,1/60,,,Misc,N/A,,,,
87944e5c-6e7a-11ef-b309-325096b39f47,,NPL,,,Misc,N/A,,,,
87944ea2-6e7a-11ef-baee-325096b39f47,,PL+,,,Misc,N/A,,,,
87944ee8-6e7a-11ef-b3c1-325096b39f47,,<6/60,,,Misc,N/A,,,,
87944f2e-6e7a-11ef-8b05-325096b39f47,,>6/60,,,Misc,N/A,,,,
effd19d2-2c80-419a-97af-f09d734d996c,,Right eye Vision without Glasses,Right eye Vision without Glasses,Patient's  right eye visual acuity without glasses ,Question,Coded,6/6;6/9;6/12;6/18;6/24;6/36;6/60;3/60;1/60;NPL;PL+;<6/60;>6/60,,,
df8580d8-471d-4100-aadf-27af5bb42d80,,Left eye Vision without Glasses,,Patient's  left eye visual acuity without glasses ,Question,Coded,6/6;6/9;6/12;6/18;6/24;6/36;6/60;3/60;1/60;NPL;PL+;<6/60;>6/60,,,
5a36365e-f24c-4fdb-82f4-881256221909,,Right eye vision with glasses,,Patient's  right eye visual acuity with glasses ,Question,Coded,6/6;6/9;6/12;6/18;6/24;6/36;6/60;3/60;1/60;NPL;PL+;<6/60;>6/60,,,
9b28983d-55f9-4c8e-b6ca-11ab46fa2ccb,,Left eye vision with glasses,,Patient's  left eye visual acuity without glasses ,Question,Coded,6/6;6/9;6/12;6/18;6/24;6/36;6/60;3/60;1/60;NPL;PL+;<6/60;>6/60,,,
32d51617-b9a0-4e01-b326-17b6c4faa8dd,,Visual Acuity,Visual Acuity,,Misc,N/A,,,,
7b01aef2-b450-4246-8860-5a6f65462059,,"Icare tonometry, Left Eye",Left Eye,IOP using Icare tonometry,Question,Numeric,,,,
8b997715-5b42-4b08-90e3-6a82ceb07b40,,"Icare tonometry, Right Eye",Right eye Vision without Glasses,IOP using Icare tonometry,Question,Numeric,,,,
98eb9d4a-4d57-472d-8340-6f1997238f6d,,"Applanation tonometry, Left Eye",Left Eye,IOP using applanation tonometry,Question,Numeric,,,,
643cdb22-97e5-4d7b-aaf7-170747725e1e,,"Applanation tonometry, Right Eye",Right Eye,IOP using applanation tonometry,Question,Numeric,,,,
a6f03f8e-ae85-41c2-a17d-a13aa7a2fe05,,"Others, Intraocular pressure, Left Eye",Left Eye,,Question,Numeric,,,,
441aea1d-4d86-4124-a3d9-7e525cfcc3f5,,"Others, Intraocular pressure, Right Eye",Right Eye,,Question,Numeric,,,,
830472bc-f319-4ea8-b3a3-4e11390cc96c,,INTRAOCULAR PRESSURE,,,Misc,N/A,,,,
e5c44f13-d5c2-4719-8bb2-317db9b0149e,,Trauma (history),Trauma,Trauma,Misc,N/A,,,,
da7f5c64-ea7a-4059-9b2b-3899b7e8026e,,Cataract surgery (history),Cataract surgery,Cataract surgery,Misc,N/A,,,,
344b3b46-0404-4981-a75d-43431ad5afa8,,Laser treatment (history),Laser treatment,Laser treatment,Misc,N/A,,,,
3f856f33-bd70-4de3-99b5-1dee74103f16,,Intraocular injection treatment (history),Intraocular injection treatment,Intraocular injection treatment,Misc,N/A,,,,
ce182c55-4730-4d30-a33a-3cbeb3648811,,Glaucoma drops treatment (history),Glaucoma drops treatment,Glaucoma drops treatment,Misc,N/A,,,,
fb193382-3b24-478a-b1df-9dd7484a0c68,,Ocular surgery (history),Ocular surgery,Ocular surgery,Misc,N/A,,,,
cc0d9960-e17c-40a3-8da0-a4bc7fb078c9,,Chief Complaints Other,Chief Complaints Other,Chief Complaints Other,Question,Text,,,,
9d400262-9560-4bdb-9e12-1ca3f6547d1c,,History,,History of presenting illness,Question,Text,,,,
ba55883b-bf24-4271-b443-f8523321d3de,,Differed,Differed,Differed,Misc,N/A,,,,
14f39947-7d64-46ce-ab23-0311ee8d4333,,Uncooperative,Uncooperative,Uncooperative,Misc,N/A,,,,
b8fc934a-a4c1-4bc8-97cc-b7d353a802a6,,Icare,Icare,Icare,Misc,N/A,,,,
a0dc1267-4872-4231-a9c4-fda393607aff,,Applanation,Applanation,Applanation,Misc,N/A,,,,
209d7e76-a7f3-438b-a94b-faaadd32118b,,IOP measurement performed,IOP measurement performed,Whether IOP measurement was performed,Question,Coded,Yes;Differed;Uncooperative,,,
083a5394-8ad3-48b5-b4f6-ee96cfdf8f43,,IOP measurement method,IOP measurement method,IOP measurement method,Question,Coded,Icare;Applanation;Other,,,
36761c4a-f0c7-4b09-872b-056f789410e7,,Other IOP measurement method,Other IOP measurement method,Other IOP measurement method,Question,Text,,,,
5b0ba62b-d345-4274-9506-1563576fe753,,Refraction record required,Refraction record required,Refraction record required,Question,Boolean,,,,
9da7471e-9a9e-466a-ba8e-adc502680189,,Systemic Illnesses,,Whether the patient has any systemic illnesses,Question,Coded,,,,
5eced3d8-2cb8-44a6-baef-90ba6fb7c160,,"Diabetes, Systematic Illness",Diabetes,Whether the patient has  diabetes,Question,Boolean,,,,
9e876e8a-fdcf-4e18-9b81-87c74d9a9306,,"Hypertension, Systematic Illness",Hypertension,Whether the patient has hypertension,Question,Boolean,,,,
78462d96-0085-4ac7-9fca-747fc814b215,,"Cardiac, Systematic Illness",Cardiac,Whether the patient has any cardiac illness,Question,Boolean,,,,
9a8c26cd-964b-47ac-b306-f2c7b292d5ec,,"Renal diseases, Systematic Illness",Renal diseases,Whether the patient has renal diseases,Question,Boolean,,,,
b142430b-dfa9-4318-888e-2edd211d4cd4,,"Asthma, Systematic Illness",Asthma,Whether the patient has asthma,Question,Boolean,,,,
ccb098ca-4534-4b23-b5bf-4edc39c33c0d,,"Allergies, Systematic Illness",Allergies,Whether the patient has allergies,Question,Boolean,,,,
55c66d4f-e3dd-4833-9e17-92e84d83465f,,"Others, systematic illness",Others,Whether the patient has any other systemic illness,Question,Text,,,,
e2239005-9f0f-43b5-9405-b823c32056a6,,Family history of ocular illnesses,Family History of ocular illnesses,Whether there is family history of ocular illnesses,Question,Coded,Glaucoma;Myopia;Others;None,,,
495be5bc-c766-4c49-aa18-22459de6b860,,Other family history of ocular illnesses,Other family history of ocular illnesses,Other family history of ocular illnesses,Question,Text,,,,
f2b46e61-75a9-4fce-8b8d-f942cf8cd36c,,Past Ocular Illnesses and Surgeries,Past ocular illnesses and surgeries,Whether the patient has had past ocular illnesses or surgery,Question,Coded,Trauma (history);Cataract surgery (history);Laser treatment (history);Intraocular injection treatment (history);Glaucoma drops treatment (history);Ocular surgery (history);Other;Nil,,,
b3653d17-1079-4431-8476-c4363acc6ab2,,Other past ocular illnesses and surgeries,Other past ocular illnesses and surgeries,Other past ocular illnesses and surgeries,Question,Text,,,,
a20395f4-3108-4e35-bfd3-3d53c5488058,,"Nutritional Assessment, Undernourished",Undernourished,The patient is undernourished,Misc,N/A,,,,
f4e01b50-4953-4809-b09e-15fed302c75d,,Well-built,Well-built,The patient is well-built,Misc,N/A,,,,
cdc0e3af-a9c8-4a0b-b08e-d2e014f0ec92,,Obese,Obese,The patient is obese,Misc,N/A,,,,
a2baca63-a259-4950-b917-7e025b70a392,,Nutritional Assessment,Nutritional Assessment,The nutritional status of the patient,Question,Coded,Undernourished;Well-built;Obese;,,,
5089AAAAAAAAAAAAAAAAAAAAAAAAAAAAAAAA,,Weight (kg),Weight,,Question,Numeric,,,,
5090AAAAAAAAAAAAAAAAAAAAAAAAAAAAAAAA,,Height (cm),Height,,Question,Numeric,,,,
ae9220b1-5f7d-4fbd-9c2a-0df38294f052,,Fully immunized,Immunization status of the child,,Misc,N/A,,,,
11041572-f840-4290-b055-15a2829b188f,,Not fully immunized,The child is fully immunized,,Misc,N/A,,,,
164464AAAAAAAAAAAAAAAAAAAAAAAAAAAAAA,,Immunization Status,The child is not fully immunized,,Question,Coded,Fully immunized;Not fully immunized,,,
e79f9fca-b214-4d9d-8d4d-82619f7b1cd4,,"Optometrist Assessment, Complaints",Complaints,,Misc,N/A,,,,
6fe5e473-99b4-4c4d-8113-1b5dc253e6df,,"Lids, Left Eye",,The status of the lids,Question,Coded,Normal;Inflamed skin;Swollen skin;Over hanging skin;Mass;Macule;Papule;Vesicle;Bulla;Pustule;Crust;Nodule;Cyst;Plaque;Scale;Papilloma;Ulcerated;Port Wine stain;Scales on cilia;Sticky cilia;Minimal discharge;Profuse discharge;Misdirected UL lashes;Mis directed LL;Foamy discharge;Hyperaemic eyelid margin;Telangiectasis;Ectropion;Entropion;S shaped appearance;Clogged meibomian glad;Stenosed UL punctom;Stenosed LL punctom;Small eye lid laceration;Complicated eyelid laceration;Other,,,
2e20e926-4b79-464f-848d-4272cb13ad14,,"Lids, Right Eye",,The status of the lids,Question,Coded,Normal;Inflamed skin;Swollen skin;Over hanging skin;Mass;Macule;Papule;Vesicle;Bulla;Pustule;Crust;Nodule;Cyst;Plaque;Scale;Papilloma;Ulcerated;Port Wine stain;Scales on cilia;Sticky cilia;Minimal discharge;Profuse discharge;Misdirected UL lashes;Mis directed LL;Foamy discharge;Hyperaemic eyelid margin;Telangiectasis;Ectropion;Entropion;S shaped appearance;Clogged meibomian glad;Stenosed UL punctom;Stenosed LL punctom;Small eye lid laceration;Complicated eyelid laceration;Other,,,
9b02e813-1eac-4df5-9450-a7724172991d,,"Conjuctiva, Left Eye",,The status of conjuctiva,Question,Coded,Normal;Red;Congestion;Discharge;Discolored;Chemosis;Papillae;Follicles;Deep seated concreations;Superficial concretion;Yellowish bump;Wedge shaped growth;Phlycten;Mass;Cyst;Ulcer;Granulomas;Membrane;Pseudo membrane;Scar;Foreign body;Tear;Short fornix;Conjunctival haemorrhage;Other,,,
2d71dd9c-dab9-43d1-88a2-2cce1d9bb0b7,,"Conjuctiva, Right Eye",,The status of conjuctiva,Question,Coded,Normal;Red;Congestion;Discharge;Discolored;Chemosis;Papillae;Follicles;Deep seated concreations;Superficial concretion;Yellowish bump;Wedge shaped growth;Phlycten;Mass;Cyst;Ulcer;Granulomas;Membrane;Pseudo membrane;Scar;Foreign body;Tear;Short fornix;Conjunctival haemorrhage;Other,,,
63945386-7d99-4515-8efe-7ef705a14166,,"Cornea, Left Eye",,The status of cornea,Question,Coded,Normal;Abrations;Punctate epithelial erosions;Central corneal ulcer;Paracentral corneal ulcer;Peripheral corneal ulcer;Superficial ulcer;Deep ulcer;Vascularized;Corneal epithelial defect;Corneal opacity;Corneal edema;Dendritic keratitis;Geographic keratitis;Discform keratitis;Necrotizing stromal keratitis;Stromal Opacity;Diffuse stromal edema;Necrotized stromal keratitis;Stromal edema with KPS;Descemetocele;Micro cornea;Megalo cornea;Buphthalmos;Haab striae;Keratic Precipiates;Corneal tear;Corneal tear with iris prolapse;Foreign body;Lipid deposit;Corneal Haze;Lasik flap;Corneal graft;Penetrating keratoplasty;Endothelial Keratoplasty;Contact lense;Keratoconnus;Kerato malacia;Peripheral ulceration keratitis;Phlyctenular kerato conjunctivitis;Superficial punctate keratitis;Microcyst;Dellen;Striae;Folds;Anterior staphyloma;Perforated cornea;Iris prolapse;Adherent leucoma;Perilimbal Horner-Trantas dots;Limbal Herbert's pits;Phthisis bulbi;Other,,,
18f7d6a7-2213-43d2-995d-508f642c6ad5,,"Cornea, Right Eye",,The status of cornea,Question,Coded,Normal;Abrations;Punctate epithelial erosions;Central corneal ulcer;Paracentral corneal ulcer;Peripheral corneal ulcer;Superficial ulcer;Deep ulcer;Vascularized;Corneal epithelial defect;Corneal opacity;Corneal edema;Dendritic keratitis;Geographic keratitis;Discform keratitis;Necrotizing stromal keratitis;Stromal Opacity;Diffuse stromal edema;Necrotized stromal keratitis;Stromal edema with KPS;Descemetocele;Micro cornea;Megalo cornea;Buphthalmos;Haab striae;Keratic Precipiates;Corneal tear;Corneal tear with iris prolapse;Foreign body;Lipid deposit;Corneal Haze;Lasik flap;Corneal graft;Penetrating keratoplasty;Endothelial Keratoplasty;Contact lense;Keratoconnus;Kerato malacia;Peripheral ulceration keratitis;Phlyctenular kerato conjunctivitis;Superficial punctate keratitis;Microcyst;Dellen;Striae;Folds;Anterior staphyloma;Perforated cornea;Iris prolapse;Adherent leucoma;Perilimbal Horner-Trantas dots;Limbal Herbert's pits;Phthisis bulbi;Other,,,
0e2f240b-2e91-4a3f-bf8c-d519b2114c6e,,"Anterior chamber, Left Eye",,The status of the anterior chamber,Question,Coded,Normal;Shallow;Flat;Hyphaema (Anterior);Hypopyon;Acqueous flare;Acqueous cells;Lens particles in AC;Foreign body;Lens in AC;Other,,,
137487f7-beb1-48b7-976d-c0893e97ebb1,,"Anterior chamber, Right Eye",,The status of the anterior chamber,Question,Coded,Normal;Shallow;Flat;Hyphaema (Anterior);Hypopyon;Acqueous flare;Acqueous cells;Lens particles in AC;Foreign body;Lens in AC;Other,,,
e6014df6-61d5-4627-b399-3e94ba400757,,"Iris, Left Eye",,The status of the iris,Question,Coded,Normal;Iridodonesis;New vessels;Pupillary membrane;Coloboma;Nodule;Cyst;Posterior synaechiae;Pseudoexfoliation;Sphincter tear;Atrophy;Iris hypoplasia;Irido dialysis;Heterochromia iridis;Other,,,
71395c5f-fd71-4643-a646-1773769e6df6,,"Iris, Right Eye",,The status of the iris,Question,Coded,Normal;Iridodonesis;New vessels;Pupillary membrane;Coloboma;Nodule;Cyst;Posterior synaechiae;Pseudoexfoliation;Sphincter tear;Atrophy;Iris hypoplasia;Irido dialysis;Heterochromia iridis;Other,,,
e1ab0fb2-d27a-4fcc-aae9-eb9af0a45b79,,"Pupil, Left Eye",,The status of the pupil,Question,Coded,Normal;Non reactive;Dilated;Sluggish;Pupil size after dilation less than 5mm;Pupil size after dilation 6mm;Pupil size after dilation 7mm;Pupil size after dilation 8mm;Pupil size after dilation more than 8mm;Other,,,
e3c940b5-9ea8-494b-8c19-45cbda44d14f,,"Pupil, Right Eye",,The status of the pupil,Question,Coded,Normal;Non reactive;Dilated;Sluggish;Pupil size after dilation less than 5mm;Pupil size after dilation 6mm;Pupil size after dilation 7mm;Pupil size after dilation 8mm;Pupil size after dilation more than 8mm;Other,,,
0b4778d4-0943-4a6e-b489-d3fbbb3885bd,,"Lens, Left Eye",,The status of the lens,Question,Coded,Normal;NS I;NS II;NS III;NS IV;PSCC;PPC;Cortical;Mature;Penetrating;Subluxated Lens;Traumatic;Phacolytic;Phacomorphic;Hypermature;Aphakia;Complicated;Pseudophakia;Aphakia;Brown;Mild pseudoexfoliation;Moderate Pseudoexfoliation;Sever Pseudoexfoliation;Other,,,
c0cf2a25-8341-445a-9448-0d42bed42c42,,"Lens, Right Eye",,The status of the lens,Question,Coded,Normal;NS I;NS II;NS III;NS IV;PSCC;PPC;Cortical;Mature;Penetrating;Subluxated Lens;Traumatic;Phacolytic;Phacomorphic;Hypermature;Aphakia;Complicated;Pseudophakia;Aphakia;Brown;Mild pseudoexfoliation;Moderate Pseudoexfoliation;Sever Pseudoexfoliation;Other,,,
148536AAAAAAAAAAAAAAAAAAAAAAAAAAAAAA,,Aphakia,,,Misc,N/A,,,,
128266AAAAAAAAAAAAAAAAAAAAAAAAAAAAAA,,Pseudophakia,,,Misc,N/A,,,,
002b4b11-13ca-44f0-a725-d563a4cc4ced,,Phacomorphic,,,Misc,N/A,,,,
b93d3ea4-7240-11ef-9f51-325096b39f47,,Others,,,Misc,N/A,,,,
36d99b2a-886a-4fca-a8dd-9fd7f9336d69,,Subluxated lens,,,Misc,N/A,,,,
0b4778d4-0943-4a6e-b489-d3fbbb3885bd,,"Lens, Left Eye",,The status of the lens,Question,Coded,Normal; Abnormal,,,
086822b4-7241-11ef-be34-325096b39f47,,"Lens, Abnormal, Left Eye",,,Question,Coded,NS I;NS II;NS III;NS IV;PSCC;PPC;Cortical;Mature;Hypermature;Complicated;Brown;Phacolytic;Phacomorphic;Traumatic;Penetrating;Subluxated lens;Aphakia;Pseudophakia;Others,,,
c0cf2a25-8341-445a-9448-0d42bed42c42,,"Lens, Right Eye",,The status of the lens,Question,Coded,Normal; Abnormal,,,
086824b2-7241-11ef-a8b0-325096b39f47,,"Lens, Abnormal, Right Eye",,,Question,Coded,NS I;NS II;NS III;NS IV;PSCC;PPC;Cortical;Mature;Hypermature;Complicated;Brown;Phacolytic;Phacomorphic;Traumatic;Penetrating;Subluxated lens;Aphakia;Pseudophakia;Others,,,
ba2fb58d-e54b-43d2-9adf-4eba9f3def3b,,"Ocular movements, Left Eye",,Status of ocular movements,Question,Coded,Normal; Abnormal,,,
ac5edd76-178b-468a-ab76-d02c8ac65a7b,,"Ocular movements, Right Eye",,Status of ocular movements,Question,Coded,Normal; Abnormal,,,
9ab27ec2-9b35-4c68-b6a1-ec95a8c80e9b,,"Duct examination, Left Eye",,The findings of duct examination,Question,Coded,Normal; Abnormal,,,
087f8219-4c6d-49e2-99c3-16400ecbe34f,,"Duct examination, Right Eye",,The findings of duct examination,Question,Coded,Normal; Abnormal,,,
3a6848ad-be50-4518-8814-d23e3c2a0955,,SLIT LAMP EXAMINATION,,,Misc,N/A,,,,
ddbb29e1-59ac-42f0-a2e4-4bfead887349,,-25,-25,The patient was prescribed with -25 glasses,Misc,N/A,,,,
b2e6de35-6cdd-4605-8eb8-2542628203da,,-24.75,-24.75,The patient was prescribed with -24.75 glasses,Misc,N/A,,,,
b816b8a9-5303-4862-98a5-2e721d9b86d4,,-24.50,-24.50,The patient was prescribed with -24.5 glasses,Misc,N/A,,,,
da63b17f-ec2b-4c08-881e-b643d07e7395,,-24.25,-24.25,The patient was prescribed with -24.25 glasses,Misc,N/A,,,,
4f92b534-395e-48a6-a5a0-371a6cd19d50,,-24,-24,The patient was prescribed with -24 glasses,Misc,N/A,,,,
d9ffb3f0-a9f8-4804-8a09-53186f655ac1,,-23.75,-23.75,The patient was prescribed with -23.75 glasses,Misc,N/A,,,,
a60c9084-5095-4054-9055-4a202d834713,,-23.50,-23.50,The patient was prescribed with -23.5 glasses,Misc,N/A,,,,
c21ad5a0-32f5-46e6-a780-7eade36e4cdd,,-23.25,-23.25,The patient was prescribed with -23.25 glasses,Misc,N/A,,,,
a3b75fbd-8cca-4190-8749-d4c4515f7d6f,,-23,-23,The patient was prescribed with -23 glasses,Misc,N/A,,,,
686d408a-5383-43eb-a74f-f6929e2fc9bd,,-22.75,-22.75,The patient was prescribed with -22.75 glasses,Misc,N/A,,,,
8d8a3485-fc3b-4a8f-9414-b8f224895a90,,-22.50,-22.50,The patient was prescribed with -22.5 glasses,Misc,N/A,,,,
bacfe7b6-1f2d-4376-b295-cab6d917636e,,-22.25,-22.25,The patient was prescribed with -22.25 glasses,Misc,N/A,,,,
7afbcbf1-0675-49ae-9e87-af869aa658c6,,-22,-22,The patient was prescribed with -22 glasses,Misc,N/A,,,,
6f152c13-fc09-45f0-a3ed-da8458117bfc,,-21.75,-21.75,The patient was prescribed with -21.75 glasses,Misc,N/A,,,,
162ff8ea-f086-4950-975c-5c8c40b2f33b,,-21.50,-21.50,The patient was prescribed with -21.5 glasses,Misc,N/A,,,,
ea888969-3a8b-4b48-a51d-866acdabfa14,,-21.25,-21.25,The patient was prescribed with -21.25 glasses,Misc,N/A,,,,
212ecb51-fcb0-4556-907d-794e715cb0fb,,-21,-21,The patient was prescribed with -21 glasses,Misc,N/A,,,,
7ce039e3-a057-40b7-8d35-81d9b89cf6ce,,-20.75,-20.75,The patient was prescribed with -20.75 glasses,Misc,N/A,,,,
89abb894-3676-4483-8585-694d23604f10,,-20.50,-20.50,The patient was prescribed with -20.5 glasses,Misc,N/A,,,,
f5da7ea2-77c7-4d0c-9f24-933e12cfe913,,-20.25,-20.25,The patient was prescribed with -20.25 glasses,Misc,N/A,,,,
6251d437-d74d-48cd-b0ef-40d42fb5a9e1,,-20,-20,The patient was prescribed with -20 glasses,Misc,N/A,,,,
6cc65578-1ec8-4334-b536-0f1944e16a10,,-19.75,-19.75,The patient was prescribed with -19.75 glasses,Misc,N/A,,,,
7f549bdc-e660-4d8f-9e49-873a402ea5a7,,-19.50,-19.50,The patient was prescribed with -19.5 glasses,Misc,N/A,,,,
1a866d55-1ba3-4ba7-95c9-b8366906d118,,-19.25,-19.25,The patient was prescribed with -19.25 glasses,Misc,N/A,,,,
0fb14000-8d45-46eb-b785-9d3c3c9d34c7,,-19,-19,The patient was prescribed with -19 glasses,Misc,N/A,,,,
2d5edfc2-0e34-4217-a168-309054006853,,-18.75,-18.75,The patient was prescribed with -18.75 glasses,Misc,N/A,,,,
3f05196d-c415-41d0-91e4-55ede8350dd0,,-18.50,-18.50,The patient was prescribed with -18.5 glasses,Misc,N/A,,,,
d2e10473-c482-4409-82e3-3c2082194505,,-18.25,-18.25,The patient was prescribed with -18.25 glasses,Misc,N/A,,,,
71fd8738-5385-4e8f-948b-9f6f5a172fc0,,-18,-18,The patient was prescribed with -18 glasses,Misc,N/A,,,,
6e3be206-7a6f-4cf3-b872-edf223af44ec,,-17.75,-17.75,The patient was prescribed with -17.75 glasses,Misc,N/A,,,,
b8e5bf38-6cf2-4c05-a804-e97e3b81fa8a,,-17.50,-17.50,The patient was prescribed with -17.5 glasses,Misc,N/A,,,,
72739095-0d19-49da-af19-0faaf8575cb2,,-17.25,-17.25,The patient was prescribed with -17.25 glasses,Misc,N/A,,,,
b5e5ad62-37ae-4bfe-a395-f9a67cc8d8fd,,-17,-17,The patient was prescribed with -17 glasses,Misc,N/A,,,,
cb8bb9f0-80f1-4103-9318-b8ca878b5101,,-16.75,-16.75,The patient was prescribed with -16.75 glasses,Misc,N/A,,,,
1e5842ac-a185-48c5-97b8-5e9ac7e8b8d6,,-16.50,-16.50,The patient was prescribed with -16.5 glasses,Misc,N/A,,,,
903f11c0-8f4c-481c-a260-85cbcb4db241,,-16.25,-16.25,The patient was prescribed with -16.25 glasses,Misc,N/A,,,,
c9c4b570-fb76-4f13-b46e-01e7171db772,,-16,-16,The patient was prescribed with -16 glasses,Misc,N/A,,,,
b2411382-5af6-4f1e-8ffe-fb2e6660f1d0,,-15.75,-15.75,The patient was prescribed with -15.75 glasses,Misc,N/A,,,,
47e76ba2-5fe4-457b-a5ca-f96fe182fa10,,-15.50,-15.50,The patient was prescribed with -15.5 glasses,Misc,N/A,,,,
2cbadca3-dd7e-4cd4-bddb-3a3e253c5f0e,,-15.25,-15.25,The patient was prescribed with -15.25 glasses,Misc,N/A,,,,
3dd3e337-7440-426a-8408-08f51cc07a6a,,-15,-15,The patient was prescribed with -15 glasses,Misc,N/A,,,,
f01e81e7-5f83-457f-bdc0-7b3abd174670,,-14.75,-14.75,The patient was prescribed with -14.75 glasses,Misc,N/A,,,,
f6752ed3-1aad-442d-82b2-cd4ff4d5fb62,,-14.50,-14.50,The patient was prescribed with -14.5 glasses,Misc,N/A,,,,
7c321943-a71c-4758-a3a4-348236c9c83e,,-14.25,-14.25,The patient was prescribed with -14.25 glasses,Misc,N/A,,,,
fcfe5923-56ef-4d10-a652-528668d5bbe6,,-14,-14,The patient was prescribed with -14 glasses,Misc,N/A,,,,
3d806b96-bfbd-42f6-a355-778023ac2ecb,,-13.75,-13.75,The patient was prescribed with -13.75 glasses,Misc,N/A,,,,
183758c2-3010-4e7b-b6d4-39cd04de2ab7,,-13.50,-13.50,The patient was prescribed with -13.5 glasses,Misc,N/A,,,,
d0208dd0-ab71-4f86-9405-5bbe5d639cdd,,-13.25,-13.25,The patient was prescribed with -13.25 glasses,Misc,N/A,,,,
30edd0c5-56b4-4a9c-a15e-756fb661ef65,,-13,-13,The patient was prescribed with -13 glasses,Misc,N/A,,,,
dd0130f9-03fc-4030-afb5-e4542f063a8a,,-12.75,-12.75,The patient was prescribed with -12.75 glasses,Misc,N/A,,,,
a8e912ac-6a31-4eb1-8ba5-eb2377a6ed8f,,-12.50,-12.50,The patient was prescribed with -12.50 glasses,Misc,N/A,,,,
0b44b471-8db3-4eef-89e0-d0ce9b629d13,,-12.25,-12.25,The patient was prescribed with -12.25 glasses,Misc,N/A,,,,
8bf068e4-4cf7-48a8-aad3-4a660f40582c,,-12,-12,The patient was prescribed with -12 glasses,Misc,N/A,,,,
6f31ca62-e430-4c11-aaad-d622b5d360f8,,-11.75,-11.75,The patient was prescribed with -11.75 glasses,Misc,N/A,,,,
3bfef443-15c5-4aef-a869-46ca335dd52c,,-11.50,-11.50,The patient was prescribed with -11.5 glasses,Misc,N/A,,,,
d0ac0c32-f541-442c-b23d-9dc576ebbec5,,-11.25,-11.25,The patient was prescribed with -11.25 glasses,Misc,N/A,,,,
d2a928ee-2f3e-49dd-abeb-7c3cbb4ce315,,-11,-11,The patient was prescribed with -11 glasses,Misc,N/A,,,,
e039060e-8aea-4928-8221-a7fbcc263bdb,,-10.75,-10.75,The patient was prescribed with -10.75 glasses,Misc,N/A,,,,
1f4852a8-8e49-40fb-9ecb-4e924f335276,,-10.50,-10.50,The patient was prescribed with -10.5 glasses,Misc,N/A,,,,
505229e0-fdd2-4915-92d4-0e41cf4ebf0b,,-10.25,-10.25,The patient was prescribed with -10.25 glasses,Misc,N/A,,,,
f9d92112-edd5-4468-bd6a-80f183ebdfc7,,-10,-10,The patient was prescribed with -10 glasses,Misc,N/A,,,,
9cc5a514-5432-4974-b1e9-ee89d42e02d1,,-9.75,-9.75,The patient was prescribed with -9.75 glasses,Misc,N/A,,,,
868329cd-0cb3-436a-9a5b-06c8464179bf,,-9.50,-9.50,The patient was prescribed with -9.5 glasses,Misc,N/A,,,,
ad1b03e8-10ce-4656-b156-8393e2b057d4,,-9.25,-9.25,The patient was prescribed with -9.25 glasses,Misc,N/A,,,,
c22c2e28-3587-4449-83cc-6e55491b1c64,,-9,-9,The patient was prescribed with -9 glasses,Misc,N/A,,,,
2184537f-6843-4763-acbb-a96ba7b7f218,,-8.75,-8.75,The patient was prescribed with -8.75 glasses,Misc,N/A,,,,
e16e3599-4045-4a8b-9c10-ea5c1e8a8519,,-8.50,-8.50,The patient was prescribed with -8.50 glasses,Misc,N/A,,,,
c9b8c5eb-89cd-4b91-b7be-e92c56ea970a,,-8.25,-8.25,The patient was prescribed with -8.25 glasses,Misc,N/A,,,,
6f357eb6-182a-4d0a-bf2c-b1fbfffba13c,,-8,-8,The patient was prescribed with -8 glasses,Misc,N/A,,,,
f531f15d-93c1-48c0-a646-e9375cdd8e22,,-7.75,-7.75,The patient was prescribed with -7.75 glasses,Misc,N/A,,,,
72b4994c-51e9-46a1-8c92-1918cd45531b,,-7.50,-7.50,The patient was prescribed with -7.50 glasses,Misc,N/A,,,,
2642bf72-d6aa-440b-88d4-4a680f436345,,-7.25,-7.25,The patient was prescribed with -7.25 glasses,Misc,N/A,,,,
61898192-f42c-4faf-bdad-0a76d95680ca,,-7,-7,The patient was prescribed with -7 glasses,Misc,N/A,,,,
e52718e2-3f0e-43e2-8a3a-05647c8a90f6,,-6.75,-6.75,The patient was prescribed with -6.75 glasses,Misc,N/A,,,,
bfe9bed6-5c50-4eba-8d51-ecbda74efe1e,,-6.50,-6.50,The patient was prescribed with -6.50 glasses,Misc,N/A,,,,
378e0d3b-3217-4374-8bb9-fbbc01c2808f,,-6.25,-6.25,The patient was prescribed with -6.25 glasses,Misc,N/A,,,,
2747bc6f-c83c-43eb-b792-67862113abe9,,-6,-6,The patient was prescribed with -6 glasses,Misc,N/A,,,,
2a721de9-f7cb-47e0-aeb0-a3bacb21528a,,-5.75,-5.75,The patient was prescribed with -5.75 glasses,Misc,N/A,,,,
46a9e100-a8d2-47af-a2e7-e702ac06d208,,-5.50,-5.50,The patient was prescribed with -5.50 glasses,Misc,N/A,,,,
c431a7f2-1c3a-41b9-baac-c072320d36e1,,-5.25,-5.25,The patient was prescribed with -5.25 glasses,Misc,N/A,,,,
332a209f-89c4-4eb1-831b-47e4f26d07f0,,-5,-5,The patient was prescribed with -5 glasses,Misc,N/A,,,,
1ff846e7-8a6e-48d7-8988-e71f439a4f9e,,-4.75,-4.75,The patient was prescribed with -4.75 glasses,Misc,N/A,,,,
f5749919-f8aa-4562-bcff-132a24030227,,-4.50,-4.50,The patient was prescribed with -4.50 glasses,Misc,N/A,,,,
3fefb5f6-000c-4cb4-ade2-049556ce6b22,,-4.25,-4.25,The patient was prescribed with -4.25 glasses,Misc,N/A,,,,
517e0e4e-cbbf-44e8-a86b-f267e1f7d56e,true,-4,-4,The patient was prescribed with -4 glasses,Misc,N/A,,,,
23a7e9d6-141b-4d63-99e1-eeaf36305ddc,,-3.75,-3.75,The patient was prescribed with -3.75 glasses,Misc,N/A,,,,
4071e81a-e104-490a-b668-0a4eca43497b,,-3.50,-3.50,The patient was prescribed with -3.50 glasses,Misc,N/A,,,,
207a2633-96de-46d8-986c-52d4fd7e846f,,-3.25,-3.25,The patient was prescribed with -3.25 glasses,Misc,N/A,,,,
0d9b37c4-623e-40de-ae7e-385884ab563d,true,-3,-3,The patient was prescribed with -3 glasses,Misc,N/A,,,,
365874db-8531-44b2-90fd-437b34cf8323,,-2.75,-2.75,The patient was prescribed with -2.75 glasses,Misc,N/A,,,,
eb16ddfa-e2a7-4561-bfd9-68fd7f24bca4,,-2.50,-2.50,The patient was prescribed with -2.50 glasses,Misc,N/A,,,,
2bac7232-264e-486c-bbbe-ea4e9c61fa21,,-2.25,-2.25,The patient was prescribed with -2.25 glasses,Misc,N/A,,,,
4b87a27e-4e35-4f16-9fac-9828316b5454,true,-2,-2,The patient was prescribed with -2 glasses,Misc,N/A,,,,
dac328cd-7757-4270-9ac1-aefd62fd4aba,,-1.75,-1.75,The patient was prescribed with -1.75 glasses,Misc,N/A,,,,
3fecbd08-9802-4570-a6c5-4146c6502f60,,-1.50,-1.50,The patient was prescribed with -1.50 glasses,Misc,N/A,,,,
e6cd3717-cf48-4905-a197-8a1db556c0f6,,-1.25,-1.25,The patient was prescribed with -1.25 glasses,Misc,N/A,,,,
5981c18d-2c19-494c-8f55-8baec70d648a,true,-1,-1,The patient was prescribed with -1 glasses,Misc,N/A,,,,
dafc1878-159f-4621-8d9c-b898ba1be688,,-0.75,-0.75,The patient was prescribed with -0.75 glasses,Misc,N/A,,,,
4c26e059-b225-4b14-b77e-a0a7da3c82e7,,-0.50,-0.50,The patient was prescribed with -0.50 glasses,Misc,N/A,,,,
a9e3fa7e-cd2a-4fcd-a853-c81cffdaa79a,,-0.25,-0.25,The patient was prescribed with -0.25 glasses,Misc,N/A,,,,
3b1b2c75-c906-4e21-a970-7b39fcd39dd3,,0,0,The patient was prescribed with 0 glasses,Misc,N/A,,,,
8841c388-8bb7-4012-9328-1ca58dbf9401,,0.25,0.25,The patient was prescribed with 0.25 glasses,Misc,N/A,,,,
3ee06a41-5c75-4822-ab5f-6cd49fe267b6,,0.50,0.50,The patient was prescribed with 0.50 glasses,Misc,N/A,,,,
35232172-df9a-4b02-8133-aa330c65c916,,0.75,0.75,The patient was prescribed with 0.75 glasses,Misc,N/A,,,,
172fcd16-1f41-47a7-89d2-1f1370f39483,true,1,1,The patient was prescribed with 1 glasses,Misc,N/A,,,,
ac85316e-bed2-48ed-9f88-1cd9dd3ac776,,1.25,1.25,The patient was prescribed with 1.25 glasses,Misc,N/A,,,,
074e329c-9cbd-43ae-8ff2-14915fbe7cf7,,1.75,1.75,The patient was prescribed with 1.75 glasses,Misc,N/A,,,,
3f4ba129-e7bc-4af8-ae35-8b9b1b45f6e8,true,2,2,The patient was prescribed with 2 glasses,Misc,N/A,,,,
9946eda1-ffb1-49c8-b9bc-412c470b0b5e,,2.25,2.25,The patient was prescribed with 2.25 glasses,Misc,N/A,,,,
9ab9e3b5-db00-4653-9193-5e42a39fa491,,2.50,2.50,The patient was prescribed with 2.50 glasses,Misc,N/A,,,,
b70b3c4a-0c16-444a-a1df-758c560e83f1,,2.75,2.75,The patient was prescribed with 2.75 glasses,Misc,N/A,,,,
317fb513-acee-4b58-85b5-e84b299bddcc,true,3,3,The patient was prescribed with 3 glasses,Misc,N/A,,,,
e4d14163-cfc9-4298-946f-101df517397e,,3.25,3.25,The patient was prescribed with 3.25 glasses,Misc,N/A,,,,
86d5d7d8-62de-4e26-baf9-644bb76cfc15,,3.50,3.50,The patient was prescribed with 3.50 glasses,Misc,N/A,,,,
cd57d535-bae0-41ed-be46-196ecaf828f6,,3.75,3.75,The patient was prescribed with 3.75 glasses,Misc,N/A,,,,
6ce1fd0e-20ff-4a5e-973b-efd967229f4d,true,4,4,The patient was prescribed with 4 glasses,Misc,N/A,,,,
5b44204f-85c9-45ef-8d22-33f4b451faa0,,4.25,4.25,The patient was prescribed with 4.25 glasses,Misc,N/A,,,,
a1a87f2b-7e87-4c03-8525-1265d90e0f07,,4.50,4.50,The patient was prescribed with 4.50 glasses,Misc,N/A,,,,
8b0cfc32-bf0e-4e78-ad04-ffb76a2c37a3,,4.75,4.75,The patient was prescribed with 4.75 glasses,Misc,N/A,,,,
03d40f3c-47ce-4f33-b584-c14e88bd5224,,5,5,The patient was prescribed with 5 glasses,Misc,N/A,,,,
cdf7e89d-7c67-455b-8950-2badde457a8d,,5.25,5.25,The patient was prescribed with 5.25 glasses,Misc,N/A,,,,
8e47e5cd-33d2-461e-999d-e3f42f5c215b,,5.50,5.50,The patient was prescribed with 5.50 glasses,Misc,N/A,,,,
fc4910ab-0e80-441b-bd37-08515673b578,,5.75,5.75,The patient was prescribed with 5.75 glasses,Misc,N/A,,,,
1bb0b802-a05c-4e69-b552-2399536c62d0,,6,6,The patient was prescribed with 6 glasses,Misc,N/A,,,,
f0294623-5086-45e9-b539-a67d1d074ede,,6.25,6.25,The patient was prescribed with 6.25 glasses,Misc,N/A,,,,
1ee35265-f65b-48e3-b50f-996f12c45698,,6.50,6.50,The patient was prescribed with 6.50 glasses,Misc,N/A,,,,
8d7dbe77-bd68-4070-ae90-d24d7862056e,,6.75,6.75,The patient was prescribed with 6.75 glasses,Misc,N/A,,,,
9d903374-2a2a-44b4-acdb-82c3dd9e15e2,,7,7,The patient was prescribed with 7 glasses,Misc,N/A,,,,
528fa1c9-ee99-4772-bb40-01a8c3828de3,,7.25,7.25,The patient was prescribed with 7.25 glasses,Misc,N/A,,,,
e0236b0b-7dfe-4616-bb00-04d87430520b,,7.50,7.50,The patient was prescribed with 7.50 glasses,Misc,N/A,,,,
cde69594-4c3a-42ff-9966-e2a399393728,,7.75,7.75,The patient was prescribed with 7.75 glasses,Misc,N/A,,,,
d0f66f02-edfa-450b-b444-9f48db1c03f6,,8,8,The patient was prescribed with 8 glasses,Misc,N/A,,,,
d8de0801-7261-4689-a1f7-e896977441ce,,8.25,8.25,The patient was prescribed with 8.25 glasses,Misc,N/A,,,,
1920363b-9651-495f-945b-7792385f89e2,,8.50,8.50,The patient was prescribed with 8.50 glasses,Misc,N/A,,,,
ddc5960e-52ed-4cc5-9142-567e004f0cbd,,8.75,8.75,The patient was prescribed with 8.75 glasses,Misc,N/A,,,,
53a1b092-8d73-4060-b7c4-bd3924f6293a,,9,9,The patient was prescribed with 9 glasses,Misc,N/A,,,,
30d10011-3d30-4080-9489-81c2978c9046,,9.25,9.25,The patient was prescribed with 9.25 glasses,Misc,N/A,,,,
eb133656-7429-49a7-b290-78c01dc43ea1,,9.50,9.50,The patient was prescribed with 9.50 glasses,Misc,N/A,,,,
44cd9a9d-4cb0-48e8-b54e-94debd1f07a6,,9.75,9.75,The patient was prescribed with 9.75 glasses,Misc,N/A,,,,
87ee6351-df8b-4270-a6b0-1e407bb0f293,,10,10,The patient was prescribed with 10 glasses,Misc,N/A,,,,
4c0bc5ef-07be-4cf9-87be-ead975989a6a,,10.25,10.25,The patient was prescribed with 10.25 glasses,Misc,N/A,,,,
6b691878-703b-4ad9-987f-3a25efb197ae,,10.50,10.50,The patient was prescribed with 10.50 glasses,Misc,N/A,,,,
2351ae01-787d-4a85-b27d-70573bba5bc7,,10.75,10.75,The patient was prescribed with 10.75 glasses,Misc,N/A,,,,
cf270f69-f1cf-4b2f-bf40-38f8c6bf9c41,,11,11,The patient was prescribed with 11 glasses,Misc,N/A,,,,
0051f69b-d3dd-492e-be2e-07feb88bdcb5,,11.25,11.25,The patient was prescribed with 11.25 glasses,Misc,N/A,,,,
64038784-f039-4c20-b026-c2ae34462c02,,11.50,11.50,The patient was prescribed with 11.50 glasses,Misc,N/A,,,,
57cbea9b-da6b-462d-955c-889ec34563aa,,11.75,11.75,The patient was prescribed with 11.75 glasses,Misc,N/A,,,,
256ab39f-84e8-4cd0-aee2-e535670b8e15,,12,12,The patient was prescribed with 12 glasses,Misc,N/A,,,,
cf8496a8-6181-4d73-a276-6711529151c6,,12.25,12.25,The patient was prescribed with 12.25 glasses,Misc,N/A,,,,
b5a7bb29-b667-4b39-9626-d92039d2d7f1,,12.50,12.50,The patient was prescribed with 12.50 glasses,Misc,N/A,,,,
bbff81ea-2449-4675-88ab-0e795f0e78f6,,12.75,12.75,The patient was prescribed with 12.75 glasses,Misc,N/A,,,,
9dd23222-6c4e-43a4-a896-7611fb78c773,,13,13,The patient was prescribed with 13 glasses,Misc,N/A,,,,
a5016c8d-1ee6-4a79-a4ef-55f072352ee0,,13.25,13.25,The patient was prescribed with 13.25 glasses,Misc,N/A,,,,
a225a597-130d-45f2-aa15-1f87a43a8559,,13.50,13.50,The patient was prescribed with 13.50 glasses,Misc,N/A,,,,
54743aa0-d5c6-4f5e-b54f-6688548efb01,,13.75,13.75,The patient was prescribed with 13.75 glasses,Misc,N/A,,,,
43e44dfe-3c79-43ba-8fb6-f02ff563e096,,14,14,The patient was prescribed with 14 glasses,Misc,N/A,,,,
ba624189-f258-443a-b811-95eef5a9a9c6,,14.25,14.25,The patient was prescribed with 14.25 glasses,Misc,N/A,,,,
85b2484c-ffe3-4fb6-8c9e-468839e1c9b9,,14.50,14.50,The patient was prescribed with 14.50 glasses,Misc,N/A,,,,
08114323-af03-46bb-bf19-71e351c6c070,,14.75,14.75,The patient was prescribed with 14.75 glasses,Misc,N/A,,,,
dc26bce3-41e6-4c0c-beac-f1629c021c50,,15,15,The patient was prescribed with 15 glasses,Misc,N/A,,,,
ed18d518-f3d2-445d-ba22-72caea63aedc,,15.25,15.25,The patient was prescribed with 15.25 glasses,Misc,N/A,,,,
335ade17-b7ee-449e-935a-96d26281401f,,15.50,15.50,The patient was prescribed with 15.50 glasses,Misc,N/A,,,,
233246f9-dece-4f82-95bc-1cefc5e51734,,15.75,15.75,The patient was prescribed with 15.75 glasses,Misc,N/A,,,,
0efdcb27-987b-4f8d-9d09-b135de811334,,16,16,The patient was prescribed with 16 glasses,Misc,N/A,,,,
d8a72b33-64b0-410a-86ff-aa125efe8556,,16.25,16.25,The patient was prescribed with 16.25 glasses,Misc,N/A,,,,
19d929df-cfa1-482b-bc4b-2fe9c0af48d4,,16.50,16.50,The patient was prescribed with 16.50 glasses,Misc,N/A,,,,
e0ce5f84-79fd-425e-87df-52530a458889,,16.75,16.75,The patient was prescribed with 16.75 glasses,Misc,N/A,,,,
e7446578-7191-411d-bf73-f078fc4ae0ed,,17,17,The patient was prescribed with 17 glasses,Misc,N/A,,,,
809d0dd0-9675-4c09-a0ba-63442df4b6a6,,17.25,17.25,The patient was prescribed with 17.25 glasses,Misc,N/A,,,,
48f428a6-37e6-437a-9c4f-3ab6d2d8ca1b,,17.50,17.50,The patient was prescribed with 17.50 glasses,Misc,N/A,,,,
a4aebaff-ef13-4cd0-8e2f-4f3594c11f88,,17.75,17.75,The patient was prescribed with 17.75 glasses,Misc,N/A,,,,
449bfcad-4bb1-47ae-985e-43dbd8092e64,,18,18,The patient was prescribed with 18 glasses,Misc,N/A,,,,
bd58d83f-5bfd-4c10-bc52-41c4eec0c38d,,18.25,18.25,The patient was prescribed with 18.25 glasses,Misc,N/A,,,,
ae039396-bb9c-486c-b0fb-527921efc5fa,,18.50,18.50,The patient was prescribed with 18.50 glasses,Misc,N/A,,,,
4e923a38-e0e1-4705-8fc5-4a047801c09c,,18.75,18.75,The patient was prescribed with 18.75 glasses,Misc,N/A,,,,
e729d571-5002-44d0-acef-b762c7189d3b,,19,19,The patient was prescribed with 19 glasses,Misc,N/A,,,,
943f1f4f-6e75-4862-a927-a81066f6defe,,19.25,19.25,The patient was prescribed with 19.25 glasses,Misc,N/A,,,,
804612be-a4a1-4c6b-aeb5-f266b742de85,,19.50,19.50,The patient was prescribed with 19.50 glasses,Misc,N/A,,,,
ee3deb22-2f8f-47c0-b3d0-366b8397051a,,19.75,19.75,The patient was prescribed with 19.75 glasses,Misc,N/A,,,,
04fa8f41-f3c8-4289-820b-8339446d5516,,20,20,The patient was prescribed with 20 glasses,Misc,N/A,,,,
38e4fcd9-99c7-4aba-9fa6-2118d15687f7,,20.25,20.25,The patient was prescribed with 20.25 glasses,Misc,N/A,,,,
41658f92-d112-42ec-876d-1bd9acab2b4f,,20.50,20.50,The patient was prescribed with 20.50 glasses,Misc,N/A,,,,
1946e6aa-f6ad-4280-b2c3-20513a466c56,,20.75,20.75,The patient was prescribed with 20.75 glasses,Misc,N/A,,,,
a89a34e5-b71b-49f7-a009-9a928c0a3009,,21,21,The patient was prescribed with 21 glasses,Misc,N/A,,,,
731455f2-06c8-4118-bb87-ad9de5500b3a,,21.25,21.25,The patient was prescribed with 21.25 glasses,Misc,N/A,,,,
3f20a045-856b-4b1e-ace0-71a17d0c9642,,21.50,21.50,The patient was prescribed with 21.50 glasses,Misc,N/A,,,,
6bc6b955-95e9-40b2-95fb-19d599adc007,,21.75,21.75,The patient was prescribed with 21.75 glasses,Misc,N/A,,,,
9ba3b8da-5277-46a1-8a7f-8f6d058d0d0d,,22,22,The patient was prescribed with 22 glasses,Misc,N/A,,,,
8312a178-d6c7-487e-a8e2-f770c08ccd68,,22.25,22.25,The patient was prescribed with 22.25 glasses,Misc,N/A,,,,
307f5cb9-92ac-4e10-b89c-314ae327e00e,,22.50,22.50,The patient was prescribed with 22.50 glasses,Misc,N/A,,,,
922c9d9b-3567-4752-9f0f-cb6fb6b25b2d,,22.75,22.75,The patient was prescribed with 22.75 glasses,Misc,N/A,,,,
90026b25-18de-47cb-a9ba-83816cef3f0e,,23,23,The patient was prescribed with 23 glasses,Misc,N/A,,,,
7781b68c-8ae3-43c8-a304-c98f2314a972,,23.25,23.25,The patient was prescribed with 23.25 glasses,Misc,N/A,,,,
499d19aa-ff81-41eb-ab2f-b7b0e8e3518b,,23.50,23.50,The patient was prescribed with 23.50 glasses,Misc,N/A,,,,
44d941c2-54ee-49d7-b65c-e64b20cd1ec9,,23.75,23.75,The patient was prescribed with 23.75 glasses,Misc,N/A,,,,
17eb890e-8677-481c-a1c0-193766414da3,,24,24,The patient was prescribed with 24 glasses,Misc,N/A,,,,
e59abe60-fad5-435e-8069-2b5172b11b27,,24.25,24.25,The patient was prescribed with 24.25 glasses,Misc,N/A,,,,
d86cc234-40d9-43c5-b633-558f484bb672,,24.50,24.50,The patient was prescribed with 24.50 glasses,Misc,N/A,,,,
592b3c56-6cfa-4f55-85f7-610325f414fd,,24.75,24.75,The patient was prescribed with 24.75 glasses,Misc,N/A,,,,
382e8f80-a0e6-41ae-8211-41c40a1366c6,,25,25,The patient was prescribed with 25 glasses,Misc,N/A,,,,
da39fa2d-c538-4dcf-b22a-8f7f4633af71,,"Spherical, Right Eye PG DV",Spherical,Degree of nearsightdness and farsightdness,Question,Coded,-25;-24.75;-24.50;-24.25;-24;-23.75;-23.50;-23.25;-23;-22.75;-22.50;-22.25;-22;-21.75;-21.50;-21.25;-21;-20.75;-20.50;-20.25;-20;-19.75;-19.50;-19.25;-19;-18.75;-18.50;-18.25;-18;-17.75;-17.50;-17.25;-17;-16.75;-16.50;-16.25;-16;-15.75;-15.50;-15.25;-15;-14.75;-14.50;-14.25;-14;-13.75;-13.50;-13.25;-13;-12.75;-12.50;-12.25;-12;-11.75;-11.50;-11.25;-11;-10.75;-10.50;-10.25;-10;-9.75;-9.50;-9.25;-9;-8.75;-8.50;-8.25;-8;-7.75;-7.50;-7.25;-7;-6.75;-6.50;-6.25;-6;-5.75;-5.50;-5.25;-5;-4.75;-4.50;-4.25;-4;-3.75;-3.50;-3.25;-3;-2.75;-2.50;-2.25;-2;-1.75;-1.50;-1.25;-1;-0.75;-0.50;-0.25;0;0.25;0.50;0.75;1;1.25;1.50;1.75;2;2.25;2.50;2.75;3;3.25;3.50;3.75;4;4.25;4.50;4.75;5;5.25;5.50;5.75;6;6.25;6.50;6.75;7;7.25;7.50;7.75;8;8.25;8.50;8.75;9;9.25;9.50;9.75;10;10.25;10.50;10.75;11;11.25;11.50;11.75;12;12.25;12.50;12.75;13;13.25;13.50;13.75;14;14.25;14.50;14.75;15;15.25;15.50;15.75;16;16.25;16.50;16.75;17;17.25;17.50;17.75;18;18.25;18.50;18.75;19;19.25;19.50;19.75;20;20.25;20.50;20.75;21;21.25;21.50;21.75;22;22.25;22.50;22.75;23;23.25;23.50;23.75;24;24.25;24.50;24.75;25,,,
edcc1bb5-3bf6-4ef8-9cc4-0808feb0bf6f,,"Cylinder, Right Eye PG DV",Cylinder,The amount of astigmatism,Question,Coded,-6;-5.75;-5.50;-5.25;-5;-4.75;-4.50;-4.25;-4;-3.75;-3.50;-3.25;-3;-2.75;-2.50;-2.25;-2;-1.75;-1.50;-1.25;-1;-0.75;-0.50;-0.25;0;0.25;0.50;0.75;1;1.25;1.50;1.75;2;2.25;2.50;2.75;3;3.25;3.50;3.75;4;4.25;4.50;4.75;5;5.25;5.50;5.75;6,,,
cbda10c8-3973-439a-ac88-50f605e889b7,,"Axis, Right Eye PG DV",Axis,Orientation of astigmatism,Question,Text,,,,
f8309f2d-0bb4-480b-91b3-004d7ad86978,,"V/A with PG, Right Eye PG DV","V/A with PG",Visual Acuity with prescription glasses,Question,Text,,,,
cf2e6123-28b7-43a6-b083-e2669b32dfb8,,Right Eye PG DV,,,Misc,N/A,,,,
a95b90c8-fd57-420f-90c4-769a7dea1268,,"Spherical, Left Eye PG DV",Spherical,,Question,Coded,-25;-24.75;-24.50;-24.25;-24;-23.75;-23.50;-23.25;-23;-22.75;-22.50;-22.25;-22;-21.75;-21.50;-21.25;-21;-20.75;-20.50;-20.25;-20;-19.75;-19.50;-19.25;-19;-18.75;-18.50;-18.25;-18;-17.75;-17.50;-17.25;-17;-16.75;-16.50;-16.25;-16;-15.75;-15.50;-15.25;-15;-14.75;-14.50;-14.25;-14;-13.75;-13.50;-13.25;-13;-12.75;-12.50;-12.25;-12;-11.75;-11.50;-11.25;-11;-10.75;-10.50;-10.25;-10;-9.75;-9.50;-9.25;-9;-8.75;-8.50;-8.25;-8;-7.75;-7.50;-7.25;-7;-6.75;-6.50;-6.25;-6;-5.75;-5.50;-5.25;-5;-4.75;-4.50;-4.25;-4;-3.75;-3.50;-3.25;-3;-2.75;-2.50;-2.25;-2;-1.75;-1.50;-1.25;-1;-0.75;-0.50;-0.25;0;0.25;0.50;0.75;1;1.25;1.50;1.75;2;2.25;2.50;2.75;3;3.25;3.50;3.75;4;4.25;4.50;4.75;5;5.25;5.50;5.75;6;6.25;6.50;6.75;7;7.25;7.50;7.75;8;8.25;8.50;8.75;9;9.25;9.50;9.75;10;10.25;10.50;10.75;11;11.25;11.50;11.75;12;12.25;12.50;12.75;13;13.25;13.50;13.75;14;14.25;14.50;14.75;15;15.25;15.50;15.75;16;16.25;16.50;16.75;17;17.25;17.50;17.75;18;18.25;18.50;18.75;19;19.25;19.50;19.75;20;20.25;20.50;20.75;21;21.25;21.50;21.75;22;22.25;22.50;22.75;23;23.25;23.50;23.75;24;24.25;24.50;24.75;25,,,
1bd492b8-e356-4d4d-ba5a-649fced3dfc2,,"Cylinder, Left Eye PG DV",Cylinder,,Question,Coded,-6;-5.75;-5.50;-5.25;-5;-4.75;-4.50;-4.25;-4;-3.75;-3.50;-3.25;-3;-2.75;-2.50;-2.25;-2;-1.75;-1.50;-1.25;-1;-0.75;-0.50;-0.25;0;0.25;0.50;0.75;1;1.25;1.50;1.75;2;2.25;2.50;2.75;3;3.25;3.50;3.75;4;4.25;4.50;4.75;5;5.25;5.50;5.75;6,,,
2f582b5c-fd88-4f03-8732-cc7bf79887e2,,"Axis, Left Eye PG DV",Axis,,Question,Text,,,,
9321ed89-5091-4410-ae88-6d54a42dd0e6,,"V/A with PG, Left Eye PG DV",V/A with PG,,Question,Text,,,,
57a713df-53ec-4142-99a0-aee2c1415ea1,,Left Eye PG DV,,,Misc,N/A,,,,
1cec94c4-85e0-40e8-9932-003ecc6c6c43,,"Spherical, Right Eye PG NV",Spherical,,Question,Coded,-25;-24.75;-24.50;-24.25;-24;-23.75;-23.50;-23.25;-23;-22.75;-22.50;-22.25;-22;-21.75;-21.50;-21.25;-21;-20.75;-20.50;-20.25;-20;-19.75;-19.50;-19.25;-19;-18.75;-18.50;-18.25;-18;-17.75;-17.50;-17.25;-17;-16.75;-16.50;-16.25;-16;-15.75;-15.50;-15.25;-15;-14.75;-14.50;-14.25;-14;-13.75;-13.50;-13.25;-13;-12.75;-12.50;-12.25;-12;-11.75;-11.50;-11.25;-11;-10.75;-10.50;-10.25;-10;-9.75;-9.50;-9.25;-9;-8.75;-8.50;-8.25;-8;-7.75;-7.50;-7.25;-7;-6.75;-6.50;-6.25;-6;-5.75;-5.50;-5.25;-5;-4.75;-4.50;-4.25;-4;-3.75;-3.50;-3.25;-3;-2.75;-2.50;-2.25;-2;-1.75;-1.50;-1.25;-1;-0.75;-0.50;-0.25;0;0.25;0.50;0.75;1;1.25;1.50;1.75;2;2.25;2.50;2.75;3;3.25;3.50;3.75;4;4.25;4.50;4.75;5;5.25;5.50;5.75;6;6.25;6.50;6.75;7;7.25;7.50;7.75;8;8.25;8.50;8.75;9;9.25;9.50;9.75;10;10.25;10.50;10.75;11;11.25;11.50;11.75;12;12.25;12.50;12.75;13;13.25;13.50;13.75;14;14.25;14.50;14.75;15;15.25;15.50;15.75;16;16.25;16.50;16.75;17;17.25;17.50;17.75;18;18.25;18.50;18.75;19;19.25;19.50;19.75;20;20.25;20.50;20.75;21;21.25;21.50;21.75;22;22.25;22.50;22.75;23;23.25;23.50;23.75;24;24.25;24.50;24.75;25,,,
3fe03e9d-94df-46af-8b93-7f0e18b3dbd7,,"Cylinder, Right Eye PG NV",Cylinder,,Question,Coded,-6;-5.75;-5.50;-5.25;-5;-4.75;-4.50;-4.25;-4;-3.75;-3.50;-3.25;-3;-2.75;-2.50;-2.25;-2;-1.75;-1.50;-1.25;-1;-0.75;-0.50;-0.25;0;0.25;0.50;0.75;1;1.25;1.50;1.75;2;2.25;2.50;2.75;3;3.25;3.50;3.75;4;4.25;4.50;4.75;5;5.25;5.50;5.75;6,,,
cd1c59f0-3213-4c41-b7e9-36eaaa789adb,,"Axis, Right Eye PG NV",Axis,,Question,Text,,,,
a71d87fc-aa7e-453a-85fa-29035738911d,,"V/A with PG, Right Eye PG NV",V/A with PG,,Question,Text,,,,
19eb0aa7-0783-494d-9c5e-66bb6e0986a3,,Right Eye PG NV,,,Misc,N/A,,,,
cd2a330f-e24a-4676-8242-b8d79ef28a78,,"Spherical, Left Eye PG NV",Spherical,,Question,Coded,-25;-24.75;-24.50;-24.25;-24;-23.75;-23.50;-23.25;-23;-22.75;-22.50;-22.25;-22;-21.75;-21.50;-21.25;-21;-20.75;-20.50;-20.25;-20;-19.75;-19.50;-19.25;-19;-18.75;-18.50;-18.25;-18;-17.75;-17.50;-17.25;-17;-16.75;-16.50;-16.25;-16;-15.75;-15.50;-15.25;-15;-14.75;-14.50;-14.25;-14;-13.75;-13.50;-13.25;-13;-12.75;-12.50;-12.25;-12;-11.75;-11.50;-11.25;-11;-10.75;-10.50;-10.25;-10;-9.75;-9.50;-9.25;-9;-8.75;-8.50;-8.25;-8;-7.75;-7.50;-7.25;-7;-6.75;-6.50;-6.25;-6;-5.75;-5.50;-5.25;-5;-4.75;-4.50;-4.25;-4;-3.75;-3.50;-3.25;-3;-2.75;-2.50;-2.25;-2;-1.75;-1.50;-1.25;-1;-0.75;-0.50;-0.25;0;0.25;0.50;0.75;1;1.25;1.50;1.75;2;2.25;2.50;2.75;3;3.25;3.50;3.75;4;4.25;4.50;4.75;5;5.25;5.50;5.75;6;6.25;6.50;6.75;7;7.25;7.50;7.75;8;8.25;8.50;8.75;9;9.25;9.50;9.75;10;10.25;10.50;10.75;11;11.25;11.50;11.75;12;12.25;12.50;12.75;13;13.25;13.50;13.75;14;14.25;14.50;14.75;15;15.25;15.50;15.75;16;16.25;16.50;16.75;17;17.25;17.50;17.75;18;18.25;18.50;18.75;19;19.25;19.50;19.75;20;20.25;20.50;20.75;21;21.25;21.50;21.75;22;22.25;22.50;22.75;23;23.25;23.50;23.75;24;24.25;24.50;24.75;25,,,
1fbf868b-8714-47e0-bec9-30b2f704e720,,"Cylinder, Left Eye PG NV",Cylinder,,Question,Coded,-6;-5.75;-5.50;-5.25;-5;-4.75;-4.50;-4.25;-4;-3.75;-3.50;-3.25;-3;-2.75;-2.50;-2.25;-2;-1.75;-1.50;-1.25;-1;-0.75;-0.50;-0.25;0;0.25;0.50;0.75;1;1.25;1.50;1.75;2;2.25;2.50;2.75;3;3.25;3.50;3.75;4;4.25;4.50;4.75;5;5.25;5.50;5.75;6,,,
739de12b-ae97-4432-8b00-948cdbbfc0f7,,"Axis, Left Eye PG NV",Axis,,Question,Text,,,,
112265c6-bec9-49f0-b22b-51938eb0a92e,,"V/A with PG, Left Eye PG NV",V/A with PG,,Question,Text,,,,
b96c2ce2-6794-45df-9e03-8450cfb414a3,,Left Eye PG NV,,,Misc,N/A,,,,
611ac60e-5ae1-11ef-9549-325096b39f47,,"Retina, Fundus Exam, Left Eye",Retina,Fundoscopy findings on retina,Question,Coded,Normal; Abnormal,,,
2060a6e5-2ec1-47e3-9a5f-ae96d4be45e3,,"Retina, Fundus Exam, Right Eye",Retina,Fundoscopy findings on retina,Question,Coded,Normal; Abnormal,,,
611ac7e4-5ae1-11ef-b542-325096b39f47,,"Optic Disc, Fundus Exam, Left Eye",Optic Disc,Fundoscopy findings on optic disc,Question,Coded,Normal; Abnormal,,,
398bced6-dd65-4ffd-983f-e3c1de9fd306,,"Optic Disc, Fundus Exam, Right Eye",Optic Disc,Fundoscopy findings on optic disc,Question,Coded,Normal; Abnormal,,,
611ac852-5ae1-11ef-bef5-325096b39f47,,"Macula, Fundus Exam, Left Eye",Macula,Fundoscopy findings on macula ,Question,Coded,Normal; Abnormal,,,
d808f12f-a09b-4ce1-9ecc-1d5b5be12b74,,"Macula, Fundus Exam, Right Eye",Macula,Fundoscopy findings on macula ,Question,Coded,Normal; Abnormal,,,
611ac8a2-5ae1-11ef-a28c-325096b39f47,,"Blood Vessels, Fundus Exam, Left Eye",Blood Vessels,Fundoscopy findings on blood vessels,Question,Coded,Normal; Abnormal,,,
b5e63e08-8806-4481-9909-dc7e4b57b68d,,"Blood Vessels, Fundus Exam. Right Eye",Blood Vessels,Fundoscopy findings on blood vessels,Question,Coded,Normal; Abnormal,,,
611ac8e8-5ae1-11ef-890d-325096b39f47,,"Others, Fundus Exam, Left Eye",Others,Other abnormalities found during fundoscopy,Question,Coded,,,,
4a693470-4235-4c1e-bcb0-699183f25502,,"Others, Fundus Exam, Right Eye",Others,Other abnormalities found during fundoscopy,Question,Coded,,,,
611ac92e-5ae1-11ef-8af5-325096b39f47,,"Drug Used For Dilation, Left Eye",Drug Used For Dilation,,Question,Coded,,,,
9a641fe0-d523-415b-ad2e-fa57b1afd07c,,"Drug Used For Dilation, Right Eye",Drug Used For Dilation,,Question,Coded,,,,
116128AAAAAAAAAAAAAAAAAAAAAAAAAAAAAA,,Malaria,,,Question,Coded,,,,
611ac974-5ae1-11ef-8d91-325096b39f47,,"Diagnosis, Fundus Exam, Left Eye",Diagnosis,,Question,Coded,Malaria,,,
856d5fc4-7bf8-4c5b-b781-31261cfa4c90,,"Diagnosis, Fundus Exam, Right Eye",Diagnosis,,Question,Coded,Malaria,,,
611ac9ba-5ae1-11ef-bf37-325096b39f47,,Fundus Exam,Fundus Exam,Fundus exam with dilation,Misc,N/A,,,,
611ac9f6-5ae1-11ef-a466-325096b39f47,,Advice,Advice,Patient was advised only on how to cope with the presenting illness,Misc,N/A,,,,
1f0c91b0-5337-4a0f-a08e-decda36cb6e4,,Treated with refraction, Treated with refraction,Treated with refraction,Misc,N/A,,,,
bcdd52d2-ff3c-4a2f-b39c-a7ffc13ef8ad,,Eye drop administered,Eye drop administered,Patient was administered with eye drops,Misc,N/A,,,,
cafad861-aaad-4179-be64-153f0bbeee5d,,Minor OR,Minor OR,Patient was treated with minor operation,Misc,N/A,,,,
31964f2f-8834-4d13-ae0f-e16c11dc6bcc,,OPD procedures,OPD procedures,Patient was treated with OPD procedures,Misc,N/A,,,,
043ce6dd-376b-42f2-8402-8d4a309c808e,,Other medication,Other medication,Patient was treated with other medication,Misc,N/A,,,,
611aca3c-5ae1-11ef-9c6a-325096b39f47,,Treated with spectacles,Treated with spectacles,Patient was treated with prescription glasses,Misc,N/A,,,,
611aca82-5ae1-11ef-883b-325096b39f47,,Medication ordered,Medication ordered,Patient was prescribed for medication,Misc,N/A,,,,
611acabe-5ae1-11ef-919c-325096b39f47,,Immediate consultation to ophthalmologist,Immediate consultation to ophthalmologist,Patient was queued for consultation with ophthalmologist,Misc,N/A,,,,
611acb04-5ae1-11ef-8fab-325096b39f47,,"Treatment, Optometrist, Left Eye",Left Eye,,Question,Coded,Advice;Treated with refraction;Eye drop administered;Minor OR;OPD procedures;Other medication,,,
f9437ae1-10dd-4236-902c-6c62b3bb876e,,"Treatment, Optometrist, Right Eye",Right Eye,,Question,Coded,Advice;Treated with refraction;Eye drop administered;Minor OR;OPD procedures;Other medication,,,
cee1bd90-a8c2-45e8-abbe-8a8bd06247c6,,Glass,Glass,The patient was prescribed with glasses,Misc,N/A,,,,
aab93d0e-ab03-4aad-a159-c3465849bfd4,,Polycarbonate,Polycarbonate,Polycarbonate,Misc,N/A,,,,
6d4aa2af-fd8f-4f15-828c-264c05405a5d,,Trivex,Trivex,Trivex,Misc,N/A,,,,
96f0ef47-ca18-4529-81ef-2d4e5e7384de,,Photochromatic,Photochromatic,The patient was prescribed with photochromatic glasses,Misc,N/A,,,,
15b51452-413e-4728-8a4d-4aa3f4dcaf9b,,ARC glass,ARC glass,ARC glass,Misc,N/A,,,,
f78c3f0f-2aab-4f02-a42b-3879bf4170ba,,Glare free,Glare free,The patient was prescribed with glare free glasses,Misc,N/A,,,,
ded964bf-6e93-46f3-bf3a-dba184edeb51,,Plastic,Plastic,The patient was prescribed with plastic glasses,Misc,N/A,,,,
ac3831f8-0d66-4e3f-8545-df27a8304cb3,,Single vision,Single vision,The patient was prescribed with single vision glasses,Misc,N/A,,,,
ff0f79fb-0319-430d-b23d-5e6f0d75424f,,Scratch resistant,Scratch resistant,The patient was prescribed with scratch resistant glasses,Misc,N/A,,,,
1f66bac0-e500-44f6-a724-d81065a02b62,,Two separate glasses,Two separate glasses,The patient was prescribed with two separate glasses,Misc,N/A,,,,
7226b91f-5afb-4258-8f0d-3e6596f4ca63,,Polarized,Polarized,The patient was prescribed with polarized glasses,Misc,N/A,,,,
32342ae6-8c37-43e3-8ffe-6e7de13351b3,,Blue cut,Blue cut,The patient was prescribed with blue cut glasses,Misc,N/A,,,,
86c1649a-2f18-4b8d-bc48-a1638fe80aa6,,White coated,White coated,The patient was prescribed with white coated glasses,Misc,N/A,,,,
a36c9b39-7901-4175-a470-2820482893b3,,Bifocal,Bifocal,The patient was prescribed with bifocal glasses,Misc,N/A,,,,
03c5192d-63c1-4aa0-82f5-e4e62bf72d81,,Polarized clip,Polarized clip,The patient was prescribed with polarized clip glasses,Misc,N/A,,,,
93c67110-20cb-4637-b453-42afacb676ce,,Progressive,Progressive,The patient was prescribed with progressive glasses,Misc,N/A,,,,
eb53226c-9be7-4c57-8ac1-7d0d4fe9dca0,,White lens,White lens,The patient was prescribed with white glasses,Misc,N/A,,,,
8b1419b7-9f3f-416b-b28e-9807b4017360,,Hydrophobic coat,Hydrophobic coat,Hydrophobic coat,Misc,N/A,,,,
3e6b5784-fcfd-490b-b200-d70b0d15017b,,Trifocal,Trifocal,Trifocal,Misc,N/A,,,,
0555354b-eb3d-4ce4-b390-e10043a5fdc4,,Tint,Tint,The patient was prescribed with tint glasses,Misc,N/A,,,,
434aee97-cda6-4a2b-aea0-890f4ab12d64,,High Index,High Index,The patient was prescribed with high index glasses,Misc,N/A,,,,
2b100975-29bf-47d3-a08e-0b2aad2709d8,,Surface Treatment,Surface Treatment,Surface Treatment,Question,Coded,White lens;Photochromatic;ARC glass;Blue cut;Glare free;Scratch resistant;Tint;Polarized;Hydrophobic coat,,,
1b4392e0-b67e-4a65-870f-c2412362f295,,Other type of glass prescribed,Other type of glass prescribed,Other type of glass prescribed,Question,Text,,,,
d8c3a806-8ca6-444f-8e49-f46952be9e86,,Dispenser name,Dispenser name,Name of the dispenser who prescribed the glasses,Question,Text,,,,
0af819b2-031e-4f6d-8523-32b19c485938,,Dispenser qualification,Dispenser qualification,Qualification of the dispenser who prescribed the glasses,Question,Text,,,,
c7d20076-3012-4d11-af51-c1b6574d2854,,Date of prescription,Date of prescription,Date of prescription,Question,Date,,,,
9bfc95df-9d2e-4d99-9afc-3583ecf8df20,,Signature of the dispenser,Signature of the dispenser,Signature of the dispenser,Image,Complex,,ImageUrlHandler,,
15503ef5-457d-4f41-88d9-05ead0660df5,,1.489,1.489,1.489,Misc,N/A,,,,
2388a0e1-3f77-491b-a9eb-a0f0b8013b78,,1.499,1.499,1.499,Misc,N/A,,,,
19269856-09db-4ab6-b2cd-7bda5ba9a11e,,1.51,1.51,1.51,Misc,N/A,,,,
4f63c34e-8a40-45f5-b195-ad1af2361d23,,1.50,1.50,1.50,Misc,N/A,,,,
f3e6ea9b-7a9c-4de1-8f28-2156f36a7753,,1.523,1.523,1.523,Misc,N/A,,,,
7b267d08-6c16-49e2-801d-d17638685946,,1.53,1.53,1.53,Misc,N/A,,,,
2a3b2c8e-dfa3-488c-8741-77eb127651a4,,1.54,1.54,1.54,Misc,N/A,,,,
bf586e3b-12c2-417f-9aea-386307ef6a45,,1.55,1.55,1.55,Misc,N/A,,,,
72270c1c-6c25-4957-979b-1f0f13e27e4a,,1.56,1.56,1.56,Misc,N/A,,,,
790cfc74-232e-4179-a86d-16b4b6011eb7,,1.57,1.57,1.57,Misc,N/A,,,,
e2a30abd-796b-488c-9d0e-b49447efaaad,,1.586,1.586,1.586,Misc,N/A,,,,
b1d057bf-ec42-470c-8992-d90b0985129b,,1.60,1.60,1.60,Misc,N/A,,,,
9d312c4f-2c0c-4fee-b30f-f9f69fe88038,,1.67,1.67,1.67,Misc,N/A,,,,
16a821e8-a22e-404b-af8b-515d4d8fa062,,1.70,1.70,1.70,Misc,N/A,,,,
461ed14e-0e80-4672-ba74-b3683d64e36a,,1.72,1.72,1.72,Misc,N/A,,,,
0fb38c90-0607-412c-a9e8-fc51b22ac1c4,,1.74,1.74,1.74,Misc,N/A,,,,
b5674994-ecc2-4faf-a9e5-f57990fbdc9c,,1.76,1.76,1.76,Misc,N/A,,,,
581151f5-9f01-48fe-a7fb-3c90eadab2aa,,1.80,1.80,1.80,Misc,N/A,,,,
78b627f9-444f-4535-b332-f83ea48a4f9a,,1.90,1.90,1.90,Misc,N/A,,,,
644ef1f3-3a5f-4ef4-a64d-b0a40b2952be,,Refractive Index,Refractive Index,Refractive Index,Question,Coded,1.489;1.499;1.51;1.50;1.523;1.53;1.54;1.55;1.56;1.57;1.586;1.60;1.67;1.70;1.72;1.74;1.76;1.80;1.90,,,
63e75edf-38d8-4b86-8d22-6080967d4732,,Lens Material,Lens Material,Lens Material,Question,Coded,Glass;Plastic;Polycarbonate;Trivex,,,
3a6faca5-7037-4390-b583-69cc37175a3a,,Lens Form,Lens Form,Lens Form,Question,Coded,Single vision;Bifocal;Progressive;Trifocal,,,
1df61f61-917f-4b97-9636-d23cdb4d39ef,,Round segment,Round segment,Round segment,Misc,N/A,,,,
7ff94e7d-0087-4f29-9b6b-92e439fdaf01,,D-segment,D-segment,D-segment,Misc,N/A,,,,
e8ce7684-980d-45c9-b81b-f93bbfc6c61b,,B-Segment,B-Segment,B-Segment,Misc,N/A,,,,
6db20c29-da56-49d8-bae9-c06c6fa4848a,,Executive,Executive,Executive,Misc,N/A,,,,
b6f4f5d3-a55c-4358-9849-99d95fe47b03,,Inverted,Inverted,Inverted,Misc,N/A,,,,
9e5e88ee-db3a-43a7-a40d-cc343e270ec1,,Bifocal Specifications,Bifocal Specifications,Bifocal Specifications,Question,Coded,Round segment;D-segment;B-segment;Executive;Inverted;Bifocal,,,
e0ece27c-cb0e-476c-a75c-9a45b0a56186,,Gray,Gray,Gray,Misc,N/A,,,,
6be8df99-7ffd-4440-b294-c46e61a46e22,,Brown tint,Brown tint,Brown tint,Misc,N/A,,,,
8fbb610e-4891-4b07-91f0-6706966e0737,,Yellow filter,Yellow filter ,Yellow filter ,Misc,N/A,,,,
09486c99-6033-4de1-a91b-a746fa0a2f43,,ND filter,ND filter ,ND filter ,Misc,N/A,,,,
ad22aee9-efdf-47f3-809d-d9e6bbe60729,,Red free,Red free,Red free,Misc,N/A,,,,
e0e1997e-17b1-4f9d-956f-80c3d2317d05,,Equal Tint,Equal Tint,Equal Tint,Misc,N/A,,,,
416e477f-d801-4862-afa1-14c2ff8a6dcf,,Gradient Tint,Gradient Tint,Gradient Tint,Misc,N/A,,,,
0425a2b4-1ce5-4552-a1e3-ed927775cec9,,Tint Selection,Tint Selection,Tint Selection,Question,Coded,Gray;Brown tint;Yellow filter;ND filter;Red free;Equal Tint;Gradient Tint,,,