Uuid,Void/Retire,Fully specified name:en,Short name:en,Description:en,...,_version:1,_order:1,Data class,Data type,Answers
279b1bea-b82b-412d-b44b-0cfbcf6b329d,,Postal Address,,,,,,Question,Text,
5b269e7d-9419-4ee5-ad9c-7931ca9ea643,,Patient Occupation,,Main activity of the patient,,,,Question,Coded,"Farmer;
Trader;
Employee;
Student;
Driver;
None;
Other non-coded"
0150a32a-909c-45cd-a677-cf09e55873f5,,Specify Occupation,Specify Occupation,Specify an occupation when they select other,,,,Question ,Text,
db93f334-373a-4f9b-bfea-f1a926383e25,,Married Polygamous,,The patient is married to a single partner,,,,Misc,N/A,
b5b5130a-1863-4167-9486-c1c9497ff5f4,,Married Monogomous,,The patient is marrid to multiple partners,,,,Misc,N/A,
1060AAAAAAAAAAAAAAAAAAAAAAAAAAAAAAAA,,Living with partner,Cohabiting,,,,,Misc,N/A,
135704AAAAAAAAAAAAAAAAAAAAAAAAAAAAAA,,Lives alone,Single,,,,,Misc,N/A,
18ba0a1a-7aec-45e1-bebe-920726094140,,Marital Status,Marital Status,,,,,Question,Coded,"Married Polygamous;
Married Monogomous;
Living with partner;
Divorced;
Widowed;
Lives alone;"
e16e35be-0204-41be-95fb-a9ff2ecf3ec9,,Next of Kin Details - Name,Name,,,,,"Question ",Text,
8c1d588e-3632-42a0-8889-7a55a59b7521,,Next of Kin Details - Spouse,Spouse,,,,,Misc,N/A,
3e02c228-806e-4bfb-b506-ebbdf96188e9,,Next of Kin Details - Father,Father,,,,,Misc,N/A,
4bbd7fec-8dad-4682-8b53-36193517d000,,Next of Kin Details - Mother,Mother,,,,,Misc,N/A,
8f9b5d5c-a2f2-4364-b19d-cf426b6fa0ee,,Next of Kin Details - Guardian,Guardian,,,,,Misc,N/A,
9965454a-88b5-4dd3-ba11-f04f68390cd3,,Next of Kin Details - Sibling,Sibling,,,,,Misc,N/A,
235a9373-e90d-459b-8f86-6e118a1bed6c,,Next of Kin Details - Other,Other,,,,,Misc,N/A,
b64ff496-e74f-4204-83af-ca7fbd97d56b,,Next of Kin Details - Relationship,Relationship,,,,,Question,Coded,"
Next of Kin Details - Spouse;
Next of Kin Details - Father;
Next of Kin Details - Mother;
Next of Kin Details - Guardian;
Next of Kin Details - Sibling;
Next of Kin Details - Other"
1713AAAAAAAAAAAAAAAAAAAAAAAAAAAAAAAA,,Primary School Education,,,,,,Misc,N/A,
1714AAAAAAAAAAAAAAAAAAAAAAAAAAAAAAAA,,Secondary School Education,,,,,,Misc,N/A,
159785AAAAAAAAAAAAAAAAAAAAAAAAAAAAAA,,College/university/polytechnic,"College, University or Polytechnic",,,,,Misc,N/A,
88bd4227-f95c-47fa-88ab-e99b7a5c77ba,,Patient Education level,,,,,,Question,Coded,"Primary School Education;
Secondary School Education;
College/university/polytechnic;None"
b7275366-750c-4ae6-b450-b89455acb5c4,,"Facility, Patient",Facility,,,,,Misc,N/A,
50632c60-8183-4f6e-b36f-c8f6994cc627,,"Outreach, Patient",Outreach,,,,,Misc,N/A,
c05c5a7b-e51f-4efb-a7a2-4d5853315881,,Enhanced Referral,,,,,,Misc,N/A,
c03effb5-fcad-4c86-a751-5aa38db4dfb3,,Vision Centre,,,,,,Misc,N/A,
d22d3db8-8232-45ca-a109-703a9f02ca70,,Patient Type,Patient Location,,,,,Question,Coded,"Facility, Patient;
Outreach, Patient; Enhanced Referral;
Vision Centre"
68076b64-7b34-4f08-8b77-021991f07b70,,Laboratory Queue,Laboratory,,,,,Misc,N/A,
43c05cbf-a6cf-47a9-b5df-53d09d493015,,Pharmacy Queue,Pharmacy,,,,,Misc,N/A,
52ef06c5-f020-4d3f-9e08-24e071c20acb,,Optical Queue,Optical,,,,,Misc,N/A,
e44f16be-1613-4c66-82b1-fca3ca6e80d7,,Counselling Patient Queue,Counselling,,,,,Misc,N/A,
4bb025d0-6545-465b-87d7-584705789d06,,Major OR Queue,Major OR,,,,,Misc,N/A,
82ee22c0-e2e1-478b-877c-6b8b12024d6d,,Minor OR Queue,Minor OR,,,,,Misc,N/A,
4e8c6da5-58b2-4b13-aabf-069f19522206,,OPD 1 Queue,OPD 1,,,,,Misc,N/A,
bbe76622-cbdc-4741-916a-1e8f2b0b62ff,,OPD 2 Queue,OPD 2,,,,,Misc,N/A,
793112cc-cc95-4615-a186-260bd522820f,,Emergency Queue,Emergency,,,,,Misc,N/A,
b7e79d7a-1f1d-4374-8084-2e9447350999,,Ophthalmologist Queue,Ophthalmologist,,,,,Misc,N/A,
96e45c47-46f1-402b-a9d2-31bed67adca1,,"Medical Board Queue
",Medical Board,,,,,Misc,N/A,
5f83a97c-1fef-40ef-a80e-3aae1229c2bc,,Diagnostic Queue,Diagnostic,,,,,Misc,N/A,
b4af442a-c52b-418e-a003-a1df21464b60,,IPD Queue,IPD,,,,,Misc,N/A,
adc70caa-a19c-462f-8305-5710a00b28e9,,"Follow-up Queue
",Follow-up,,,,,Misc,N/A,
c359ee12-9725-42d0-a276-21827db62a11,,"Liasion office Queue
",Liasion office,,,,,Misc,N/A,
bb2211a5-137d-4612-a2ca-a906ad25ecef,,Discharge Queue,Discharge,,,,,Misc,N/A,
b2cefe21-e12c-4925-9aa3-b05f8d2e9aa9,,Cataract Queue,Cataract,,,,,Misc,N/A,
e7db44f9-4f07-4b67-9d48-73af5b8e59af,,Patient Queue,Patient Queue,,,,,Question,Coded,"Laboratory Queue;
Pharmacy Queue;
Optical Queue;
Counselling Patient Queue;
Major OR Queue;
Minor OR Queue;
OPD 1 Queue;
OPD 2 Queue;
Emergency Queue;
Ophthalmologist Queue;
Medical Board Queue;
Diagnostic Queue;
IPD Queue;
Follow-up Queue;
Liasion office Queue; Cataract Queue;
Discharge Queue;"