Uuid,Void/Retire,Fully specified name:en,Short name:en,Description:en,Data class,Data type,Complex data handler,Answers,_version:1,_order:24,units
84420027-dbdb-4984-b434-fadbf09edd56,,Stable,Stable,Stable,Misc,N/A,,,,,
7fc6e034-291d-4695-b782-0cde444008e5,,Sudden,Sudden,Sudden,Misc,N/A,,,,,
fbdd4103-9fe6-448a-809c-c76f5899cd03,,Progression,Progression,Progression,Question,Coded,,Stable;Progressive;Sudden,,,
a19145d2-1164-4a60-8a9c-a78cda8970c7,,Distance VA Right Eye,Distance VA Right Eye,Distance VA Right Eye,Question,Text,,,,,
9c9ad3bf-591b-41dd-844d-5a99031ebd5d,,Distance VA Left Eye,Distance VA Left Eye,Distance VA Left Eye,Question,Text,,,,,
fe135b91-e87f-43e8-ae2d-7ef6c1b7ed9a,,Distance VA Both Eyes,Distance VA Both Eyes,Distance VA Both Eyes,Question,Text,,,,,
ceb7bb8e-30a1-48d4-ad25-15c7427a6a50,,Near VA Right Eye,Near VA Right Eye,Near VA Right Eye,Question,Text,,,,,
d808e140-7e29-4cd8-85be-0e3c1da4bd32,,Near VA Left Eye,Near VA Left Eye,Near VA Left Eye,Question,Text,,,,,
0915b90c-11df-49c8-ad1e-14ac136487a8,,Near VA Both Eyes,Near VA Both Eyes,Near VA Both Eyes,Question,Text,,,,,
b3463334-3dd6-429c-9d85-6a8e033729a9,,Severely Reduced,Severely Reduced,Severely Reduced,Misc,N/A,,,,,
5afb7ae5-0f6c-4bc4-a0db-3d9b315f3507,,Contrast Sensitivity,Contrast Sensitivity,Contrast Sensitivity,Question,Coded,,Normal;Reduced;Severely Reduced,,,
baefd7ec-c606-4944-a452-440cc2b38e30,,Final refraction right eye,Final refraction right eye,Final refraction right eye,Question,Text,,,,,
3fdbf9c3-0767-4eaf-bdb6-45670913ee2c,,Final refraction left eye,Final refraction left eye,Final refraction left eye,Question,Text,,,,,
17086378-a8b1-4f52-8be0-15e0fadae899,,Best BCVA,Best BCVA,Best BCVA,Question,Text,,,,,
6dea0d52-2ab6-4e28-962f-cdf4dc3ee570,,Tunnel vision,Tunnel vision,Tunnel vision,Misc,N/A,,,,,
7a985210-9067-4428-857c-7948d6af47b4,,Generalized loss,Generalized loss,Generalized loss,Misc,N/A,,,,,
2f9a245a-9f62-449a-b02c-99629995975d,,Scotoma,Scotoma,Scotoma,Misc,N/A,,,,,
1b83ed80-e411-494b-89ef-17a66d4fbb95,,Central scotoma,Central scotoma,Central scotoma,Misc,N/A,,,,,
30a7b6d2-873b-443c-bf22-bd055d5af1cb,,Central Vision,Central Vision,Central Vision,Question,Coded,,Normal;Reduced;Central scotoma,,,
8509a018-db91-4fe2-b03b-b69337e51994,,Peripheral Vision,Peripheral Vision,Peripheral Vision,Question,Coded,,Normal;Constricted;Tunnel vision,,,
6056ea4b-026b-4619-9b03-2b0fd785f44a,,Field status,Field status,Field status,Question,Coded,,Normal;Generalized loss;Hemianopia;Scotoma,,,
29c0f57e-fea5-4cd5-81d8-7249aa8eb8dc,,"Photophobia, Low Vision","Photophobia, Low Vision","Photophobia, Low Vision",Question,Boolean,,,,,
081e9582-5c23-4725-b365-ed6bcc021142,,Glare sensitivity,Glare sensitivity,Glare sensitivity,Question,Boolean,,,,,
d29b11bd-db17-4139-bab5-6850be08eb5c,,Illumination improves vision,Illumination improves vision,Illumination improves vision,Question,Boolean,,,,,
52b3d1fc-9d7b-4a9a-9d8b-fda002ee6247,,Reading speed,Reading speed,Reading speed,Question,Numeric,,,,,wpm
9b015f78-34e1-4582-a53a-c07249c2f19c,,Smallest print read,Smallest print read,Smallest print read,Question,Text,,,,,
613bc0ed-a4ea-4e6a-a572-9387717756e6,,Working distance,Working distance,Working distance,Question,Numeric,,,,,cm
9a060725-28b5-4daf-8451-190fc99f8f6f,,Spectacle magnifier,Spectacle magnifier,Spectacle magnifier,Misc,N/A,,,,,
e57eb96c-db0f-4ad3-a3db-a485b1871ca8,,Handheld magnifier,Handheld magnifier,Handheld magnifier,Misc,N/A,,,,,
774c8842-f656-4d9a-95d3-955dea313623,,Stand magnifier,Stand magnifier,Stand magnifier,Misc,N/A,,,,,
820883ab-f089-4746-99ec-ed9173e4f658,,Telescope,Telescope,Telescope,Misc,N/A,,,,,
14a59f02-71fd-4a63-b7cd-6bf8c7ea98b5,,Power / magnification,Power / magnification,Power / magnification,Question,Text,,,,,
266e3dee-f1d1-49f0-b733-fbc0ff37ac97,,Reading stand,Reading stand,Reading stand,Misc,N/A,,,,,
4218c198-9157-408b-964f-6e04dfba0a69,,Large print,Large print,Large print,Misc,N/A,,,,,
89bd8a33-3ef2-46f0-bdd9-0a0f3042fe73,,Lighting modification,Lighting modification,Lighting modification,Misc,N/A,,,,,
9605129d-8a7e-44bf-a750-61d672f188ad,,Filters,Filters,Filters,Misc,N/A,,,,,
eb978cb3-a1a8-4ab9-b573-bcf9e5008ac2,,Non-optical aids,Non-optical aids,Non-optical aids,Question,Coded,,Reading stand;Large print;Lighting modification;Filters;Other,,,
9818442c-1d9a-4177-b846-3828af12c255,,Other Non-optical aids,Other Non-optical aids,Other Non-optical aids,Question,Text,,,,,
090f46f0-bd27-4ca8-9b9f-4759ee072d9d,,CCTV,CCTV,CCTV,Misc,N/A,,,,,
663a0b1d-a108-4882-a54c-6042fc441682,,Smartphone apps,Smartphone apps,Smartphone apps,Misc,N/A,,,,,
58c1e0cf-535b-4268-9287-b6e360611771,,Screen magnifier,Screen magnifier,Screen magnifier,Misc,N/A,,,,,
ce6f4e9c-c761-4408-9a6c-d2071b5e1861,,Electronic devices,Electronic devices,Electronic devices,Question,Coded,,CCTV;Smartphone apps;Screen magnifier;Other,,,
1ad71261-dadb-4bdc-ac84-8b2097d0b896,,Other Electronic devices,Other Electronic devices,Other Electronic devices,Question,Text,,,,,
cb36f37d-512a-4528-9cff-3e196036e6fd,,Improvement,Improvement,Improvement,Question,Boolean,,,,,
d5144e87-62ba-498e-95e0-ea5ceafdda69,,Comfort,Comfort,Comfort,Question,Boolean,,,,,
d00894fe-af94-4e2e-9e78-767c73830999,,Acceptance,Acceptance,Acceptance,Question,Boolean,,,,,
4cdb7381-4999-4eac-9c07-642647a6950f,,Electronic aid,Electronic aid,Electronic aid,Misc,N/A,,,,,
be829cd3-dbf3-4291-87e9-71a9b3b3c97d,,Device Type,Device Type,Device Type,Question,Coded,,Spectacle magnifier;Handheld magnifier;Stand magnifier;Telescope,,,
90c5bd99-3498-49ac-963e-94b763c3a032,,None-optical aid,None-optical aid,None-optical aid,Misc,N/A,,,,,
bd67cbf5-dbc1-4f02-9bf1-613b84c22a2c,,Device prescribed,Device prescribed,Device prescribed,Question,Coded,,Spectacle magnifier;Handheld magnifier;Stand magnifier;Telescope;Electronic aid;None-optical aid;None,,,
f15c03d4-a096-4fed-ba4e-30f66e4ec272,,Prescribed power / magnification,Prescribed power / magnification,Prescribed power / magnification,Question,Text,,,,,
899db6cc-a47b-4207-8743-7f13cf9383c6,,Prescribed working distance,Prescribed working distance,Prescribed working distance,Question,Numeric,,,,,cm
3ec81677-5b91-4bda-88c2-9b5ce93add17,,Device use training provided,Device use training provided,Device use training provided,Question,Boolean,,,,,
6745bdf8-1973-44e4-a024-ed15ebd2fa49,,Eccentric viewing training provided,Eccentric viewing training provided,Eccentric viewing training provided,Question,Boolean,,,,,
e25186aa-8485-49e8-949e-cd75ad4d27ec,,Scanning training provided,Scanning training provided,Scanning training provided,Question,Boolean,,,,,
4afdf028-ebb6-4690-a398-29d2ce2dd3f8,,Orientation and mobility,Orientation and mobility,Orientation and mobility,Misc,N/A,,,,,
a3e941c5-4498-4ca8-849e-d2f2f9e1abde,,Occupational therapy,Occupational therapy,Occupational therapy,Misc,N/A,,,,,
b5a54911-f3f1-44ec-ae89-b1e9b3c67541,,School support,School support,School support,Misc,N/A,,,,,
83ecb658-9070-47ef-b0f5-678ba5d78cef,,Counselling,Counselling,Counselling,Misc,N/A,,,,,
d87434f4-9769-4c79-b169-099ce1eabcb4,,Rehabilitation referrals,Rehabilitation referrals,Rehabilitation referrals,Question,Coded,,Orientation and mobility;Occupational therapy;School support;Counselling;Other,,,
d1ec68cf-85ce-4d50-83c5-e711136ee8f2,,Other Rehabilitation referrals,Other Rehabilitation referrals,Other Rehabilitation referrals,Question,Text,,,,,
666218a5-5f30-4b39-a74e-af42fe8b35d9,,Follow-up date,Follow-up date,Follow-up date,Question,Date,,,,,
70e79692-6615-4186-b30f-35fc5af052e8,,Improved,Improved,Improved,Misc,N/A,,,,,
aa423116-e0fb-4c97-95d1-a8730b6aaa97,,Yearly,Yearly,Yearly,Misc,N/A,,,,,
456129d0-3e6e-482a-97d7-29b85aa73590,,Expected outcome,Expected outcome,Expected outcome,Question,Coded,,Improved;Stable;Poor,,,
9646684f-7679-4d06-8590-48ece4f9ed8c,,"Clinician notes, Low Vision","Clinician notes, Low Vision","Clinician notes, Low Vision",Question,Text,,,,,
0b05befc-b365-44b9-a3f7-8e50baa7dcd9,,Refractive correction,Refractive correction,Refractive correction,Misc,N/A,,,,,
36a77fcf-784a-435d-8eff-9982f7077293,,Cosmetic,Cosmetic,Cosmetic,Misc,N/A,,,,,
48b76a21-2f94-4df7-9214-12220b42a5ea,,Post-Surgical,Post-Surgical,Post-Surgical,Misc,N/A,,,,,
02e09ad2-837b-4bab-9ae8-f2efe5c293f8,,Therapeutic/bandaging,Therapeutic/bandaging,Therapeutic/bandaging,Misc,N/A,,,,,
a4257b3b-7977-4b7a-8673-c2c663ead14f,,Sports,Sports,Sports,Misc,N/A,,,,,
bdda02d0-5d5b-4437-94a1-9c224d5aa14e,,Indication,Indication,Indication,Question,Coded,,Refractive correction;Cosmetic;Post-Surgical;Therapeutic/bandaging;Sports;Other,,,
1c17d8e4-b3ae-4330-a0ed-63676dc42084,,Other Indication,Other Indication,Other Indication,Question,Text,,,,,
169d4e88-b064-4504-afa7-7450f52ca36c,,Previous contact lens use,Previous contact lens use,Previous contact lens use,Question,Boolean,,,,,
5d343d39-c126-4820-8e6c-b24d46f49f4b,,Soft spherical,Soft spherical,Soft spherical,Misc,N/A,,,,,
465db0c5-d772-47d3-9bbf-e4e61a77885e,,soft toric,soft toric,soft toric,Misc,N/A,,,,,
2268349a-ac5f-4be6-8a66-4e03e80b08ed,,RGP,RGP,RGP,Misc,N/A,,,,,
6a2dc904-c38d-4c47-816f-88c4788a8786,,Scleral,Scleral,Scleral,Misc,N/A,,,,,
7100f47d-f3e8-412c-aff1-7685b0b68721,,Previous contact lens type,Previous contact lens type,Previous contact lens type,Question,Coded,,Soft spherical;soft toric;RGP;Hybrid;Scleral,,,
ae5b802f-dec3-4742-8a8a-cd1984b0c6c8,,Wearing duration,Wearing duration,Wearing duration,Question,Numeric,,,,,years
51a979f9-913f-48af-aeb5-28efeda838b8,,Daily wear,Daily wear,Daily wear,Misc,N/A,,,,,
b7b82329-2fa4-4e4e-82b6-21a3a4ebfa13,,Extended wear,Extended wear,Extended wear,Misc,N/A,,,,,
408d6eab-e6a6-48f1-b919-54b3546e0572,,"Wearing schedule, Contact Lens","Wearing schedule, Contact Lens","Wearing schedule, Contact Lens",Question,Coded,,Daily wear;Extended wear,,,
442c4a6c-6c86-411a-a64e-78754f7b3a49,,Daily,Daily,Daily,Misc,N/A,,,,,
f670eb95-ea12-4250-91ee-905548bdbf57,,Biweekly,Biweekly,Biweekly,Misc,N/A,,,,,
b02b8817-c080-47b3-ac34-b2defa840bd3,,Replacement schedule,Replacement schedule,Replacement schedule,Question,Coded,,Daily;Biweekly;Monthly;Yearly,,,
036e045c-6a36-4f4b-b230-957e2ddd6e12,,Dryness,Dryness,Dryness,Misc,N/A,,,,,
c324e236-90c0-4dee-a560-a624ea314c23,,Redness,Redness,Redness,Misc,N/A,,,,,
a2955977-694b-4255-be66-691ad70fe70b,,Foreign body sensation,Foreign body sensation,Foreign body sensation,Misc,N/A,,,,,
cd5c272b-ecb1-4827-9fe6-c5f58319d0d2,,Discomfort,Discomfort,Discomfort,Misc,N/A,,,,,
25181ef8-e9ec-4f3c-9316-9aafee559db2,,Watering,Watering,Watering,Misc,N/A,,,,,
79a83618-bda5-43e1-86ee-2fc41f831c29,,"Symptoms, Contact Lens","Symptoms, Contact Lens","Symptoms, Contact Lens",Question,Coded,,Dryness;Redness;Foreign body sensation;Discomfort;Watering;None,,,
db1c3af8-97a1-415b-b77e-93de047be4ee,,Refraction right eye,Refraction right eye,Refraction right eye,Question,Text,,,,,
413e819f-f801-4484-9a1c-9e06a9db54f8,,Refraction left eye,Refraction left eye,Refraction left eye,Question,Text,,,,,
402eaabf-f2b5-4828-aeb3-bd1ed666e83b,,BCVA Right Eye,BCVA Right Eye,BCVA Right Eye,Question,Text,,,,,
41c34117-ca41-4656-950f-c0c076e81c93,,BCVA Left Eye,BCVA Left Eye,BCVA Left Eye,Question,Text,,,,,
36927bb2-b662-4c21-9a74-933c01589d40,,"K1, Right Eye, Contact Lens","K1, Right Eye, Contact Lens","K1, Right Eye, Contact Lens",Question,Numeric,,,,,D/mm
f02a99bf-15c3-40ed-b69a-7d448214e41a,,"K1, Left Eye, Contact Lens","K1, Left Eye, Contact Lens","K1, Left Eye, Contact Lens",Question,Numeric,,,,,D/mm
c52d67b0-d386-44ce-80db-7feb22b75288,,"K2, Right Eye, Contact Lens","K2, Right Eye, Contact Lens","K2, Right Eye, Contact Lens",Question,Numeric,,,,,
7129bdbd-438f-4497-ba47-e341cdcf4806,,"K2, Left Eye, Contact Lens","K2, Left Eye, Contact Lens","K2, Left Eye, Contact Lens",Question,Numeric,,,,,
cfc6b704-7af7-4c0b-be6c-b52dd59205cf,,"Axis, Right Eye, Contact Lens","Axis, Right Eye, Contact Lens","Axis, Right Eye, Contact Lens",Question,Numeric,,,,,
9aebc24e-a28f-4a4d-8c8d-cad217c8d8d5,,"Axis, Left Eye, Contact Lens","Axis, Left Eye, Contact Lens","Axis, Left Eye, Contact Lens",Question,Numeric,,,,,
ccda050b-d13d-46fb-b8c3-2fccc8258519,,Steep axis,Steep axis,Steep axis,Misc,N/A,,,,,
8e016f17-d538-4a6d-9b60-14e181007cf2,,Steep,Steep,Steep,Misc,N/A,,,,,
288046ba-0f35-487a-bd48-ea52463e5979,,Corneal shape,Corneal shape,Corneal shape,Question,Coded,,Normal;Steep;Flat;Irregular,,,
48e19c4f-e95f-4972-ab51-d16c1c98f420,,TBUT Right Eye,TBUT Right Eye,TBUT Right Eye,Question,Numeric,,,,,seconds
a84bffbe-01c3-49c4-b582-5f343aea34cb,,TBUT Left Eye,TBUT Left Eye,TBUT Left Eye,Question,Numeric,,,,,seconds
ed12225e-134c-4698-aced-6c3c773a197b,,Schirmer Right Eye,Schirmer Right Eye,Schirmer Right Eye,Question,Numeric,,,,,mm
9869dd04-0d4a-441b-8c8f-c60580babb3c,,Schirmer Left Eye,Schirmer Left Eye,Schirmer Left Eye,Question,Numeric,,,,,mm
79cbef71-7ef9-49d1-aed1-1c6e50e75713,,Tear quality Right Eye,Tear quality Right Eye,Tear quality Right Eye,Question,Coded,,Normal;Reduced;Poor,,,
24073bdf-f42e-494a-a95a-c495a51552b9,,Tear quality Left Eye,Tear quality Left Eye,Tear quality Left Eye,Question,Coded,,Normal;Reduced;Poor,,,
f4e2bf8e-e476-4e9f-bfef-dde99805bdca,,Papillary reaction,Papillary reaction,Papillary reaction,Misc,N/A,,,,,
5e10b2bb-81df-4b0e-abae-b07806336643,,"Conjuctiva, Contact Lens","Conjuctiva, Contact Lens","Conjuctiva, Contact Lens",Question,Coded,,Normal;Hyperaemia;Papillary reaction,,,
f34b11f0-348d-442b-8e6d-ae6f03177cb2,,SPK,SPK,SPK,Misc,N/A,,,,,
00576a79-49db-45fd-a6fe-5eb1c82d192c,,"Cornea, Contact Lens","Cornea, Contact Lens","Cornea, Contact Lens",Question,Coded,,Clear;SPK;Scar;Edema,,,
01c43cc9-9905-4dd9-ae83-3bb8f3ae29ee,,MGD,MGD,MGD,Misc,N/A,,,,,
afb02377-c836-47e0-af15-36d2aeedec8e,,Lid condition,Lid condition,Lid condition,Question,Coded,,Normal;Blepharitis;MGD,,,
740ec143-3249-4840-b61e-39db96a06a7c,,Other Ocular Surface Exam,Other Ocular Surface Exam,Other Ocular Surface Exam,Question,Text,,,,,
c92a2d1e-a2ec-4db4-9f75-8f9ea090c7c7,,Lens type,Lens type,Lens type,Question,Coded,,Soft spherical;soft toric;RGP;Hybrid;Scleral,,,
9f3d9883-42dd-487c-b867-3fe8ac27c306,,Brand,Brand,Brand,Question,Text,,,,,
c88189ab-473f-43c0-b453-e199ab5095ad,,Base curve,Base curve,Base curve,Question,Numeric,,,,,
51e3baa3-524c-416d-a2f5-6539ac7c6e96,,Diameter,Diameter,Diameter,Question,Numeric,,,,,
5fdfcf50-31ae-486b-be2a-1f5fa1152ac9,,Power,Power,Power,Question,Text,,,,,
9d958fc3-e3d4-424e-a95a-0036c099181e,,Well centered,Well centered,Well centered,Misc,N/A,,,,,
93144536-697e-4d1e-991e-022eff802225,,Decentered,Decentered,Decentered,Misc,N/A,,,,,
a98c10ef-3271-47a8-b98a-2169d6b37815,,Excessive,Excessive,Excessive,Misc,N/A,,,,,
abec8dc3-4a20-4e34-b07c-9a3b2d0c6d8a,,Minimal,Minimal,Minimal,Misc,N/A,,,,,
992ed074-fbbd-4fea-a169-8992a22caaa9,,Partial,Partial,Partial,Misc,N/A,,,,,
a2555302-5a53-44d1-a6eb-3434b99f7425,,Tight,Tight,Tight,Misc,N/A,,,,,
89374184-4756-4cfe-8ff8-b21e6954b22f,,Loose,Loose,Loose,Misc,N/A,,,,,
328b40de-2933-4ec0-bc7a-f36da24ab761,,"Centration, Contact Lens","Centration, Contact Lens","Centration, Contact Lens",Question,Coded,,Well centered;Decentered,,,
2508822d-cfe7-4c35-bc37-92a619df4d24,,"Movement, Contact Lens","Movement, Contact Lens","Movement, Contact Lens",Question,Coded,,Adequate;Excessive;Minimal,,,
b5f67d2c-6d00-4f45-afdd-af2f170025c0,,"Coverage,Contact Lens","Coverage,Contact Lens","Coverage,Contact Lens",Question,Coded,,Full;Partial,,,
99d0305a-d16c-4fbf-8e17-815d12a620d9,,"Push-up test, Contact Lens","Push-up test, Contact Lens","Push-up test, Contact Lens",Question,Coded,,Normal;Tight;Loose,,,
be898e2f-42e8-480e-aae4-538ccdcf3e29,,Over-refraction,Over-refraction,Over-refraction,Question,Text,,,,,
c2366445-6964-4f0c-b32d-7ddf1140077a,,Final VA,Final VA,Final VA,Question,Text,,,,,
d4e5047a-c6d6-4ce0-a28e-b2ee33390f22,,Insertion and removal,Insertion and removal,Insertion and removal,Misc,N/A,,,,,
dabf2f09-8cfd-4b7c-aff8-e6cadeaee857,,Cleaning and disinfection,Cleaning and disinfection,Cleaning and disinfection,Misc,N/A,,,,,
d86b313a-3407-422d-a683-ebf1737b620d,,Wearing Schedule,Wearing Schedule,Wearing Schedule,Misc,N/A,,,,,
19aefe6a-d925-4dc1-a79a-9202a27c7cb0,,Complications warning,Complications warning,Complications warning,Misc,N/A,,,,,
67942554-3992-4775-9a20-f830ed4ecd6c,,Hygiene,Hygiene,Hygiene,Misc,N/A,,,,,
5cea96d6-1537-4ea1-9781-0ccf4432961c,,"Education given, Contact Lens","Education given, Contact Lens","Education given, Contact Lens",Question,Coded,,Insertion and removal;Cleaning and disinfection;Wearing Schedule;Complications warning;Hygiene,,,
8f2f2ef0-27f5-4a7f-85cf-1de5100be73b,,First follow-up,First follow-up,First follow-up,Misc,N/A,,,,,
16dd4489-bba9-40dd-8bc7-191d41efc0f5,,Routine,Routine,Routine,Misc,N/A,,,,,
3dc69bc4-a078-476c-b153-a0232128ee48,,Complication,Complication,Complication,Misc,N/A,,,,,
b8283173-9238-45ee-b0f7-900e6cd5bdd4,,Follow-up type,Follow-up type,Follow-up type,Question,Coded,,First follow-up;Routine;Complication,,,
978bd083-4220-4b02-81ca-85d5882fedda,,CLARE,CLARE,CLARE,Misc,N/A,,,,,
a2dc7ba7-4d11-4ad0-93f3-cd0e060ab7cd,,"Complication, Contact Lens","Complication, Contact Lens","Complication, Contact Lens",Question,Coded,,None;CLARE;Keratitis;Dryness;Allergy;Corneal Ulcer,,,
aa5068ee-c933-42c2-9917-343635cb894f,,"Which eye, Contact Lens","Which eye, Contact Lens","Which eye, Contact Lens",Question,Coded,,Right eye;Left eye,,,